统计周期,工厂ID,公司名称,所在地区,主营工艺,会员类型,主要使用角色,本周是否新增使用,本周是否回流,本周使用天数,本周会话次数,本周用户提问数,本周上传图纸数,本周主要使用场景,本周是否提出新需求,新需求摘要,本周是否出现问题,问题摘要,当前主分层,特殊价值标签,分层原因,下一步动作
2026-07-20 至 2026-07-26,2659118,上海勤崇机械科技股份有限公司,上海,机加工、钣金、冲压、装配,付费会员,经理/主管,否,否,6,46,195,111,成本报价,是,技术要求：需求描述：316材质 技术要求：表面光滑无毛刺 给我报价；需求描述： 材料：紫铜，报价需注明厂家 厚度5mm 数量：起订量：300pcs 1800pcs/年 完全符合图纸要求 报价 [零件文件预处理上下文] 零件文件1：D2398_EA250143_059352.pdf,是,"分别用6、8、10三种厚度，Q235B和Q355B两种材质，长度统一按10米 你看看能不能做？中间的那个加强筋你们有没有能力焊接？ [零件文件预处理上下文] 零件文件1：3bus224089-007_加水印(1).pdf 预处理结果：{""status"":""success"",""fi",高价值/高活跃,高频提问、图纸大户、成本报价、有新需求、需问题跟进,本周使用6天，46次会话，提问195条，上传图纸111个,优先排查问题并回访
2026-07-20 至 2026-07-26,2230323,惠州市源文钰精密部件有限公司,惠州市,机加工、钣金、快速原型,付费会员,经理/主管,否,否,6,82,136,168,成本报价,是,"能不能提供两套图纸的全部材料。；提供一份图纸，需求数量在图纸右下角，请提供专业报价 [零件文件预处理上下文] 零件文件1：P26-01006-draaien-serie.pdf 预处理结果：{""status"":""success"",""fileId"":""05494b2c"",""file",是,"分析该图纸，材质：6061铝，尺寸M2_22.5mm_4cav；数量：1件，提供重量。 [零件文件预处理上下文] 零件文件1：lower_mold_half.stl 预处理结果：{""status"":""success"",""fileId"":""b0900c49"",""fileName"":",高价值/高活跃,高频提问、图纸大户、成本报价、有新需求、需问题跟进,本周使用6天，82次会话，提问136条，上传图纸168个,优先排查问题并回访
2026-07-20 至 2026-07-26,1746696,东莞市锐金精密五金制品有限公司/锐金精密科技（湖北）股份有限公司/上海悦金科技有限公司,东莞市,五轴加工、CNC铣削或铣削加工、车削、走心机/自动车、其它、车铣复合、机加工、四轴_镗铣床、龙门加工、电火花加工、齿轮成型、专机整形加工、铸造、钣金、锻造、冲压、快速原型,付费会员,经理/主管,否,否,6,59,105,90,成本报价,是,CNC铣削或铣削加工 热塑性塑料 1 件，欧元报价 [补充要求] 它是2400x580x100milimiters。 材料必须是带有纤维的聚苯乙烯，而不是空气。(XPS或DOW)，黑色。我想要一份制造报价，其中包括运往佩雷乌斯港的运费。；客户建议采用铣削或铸造工艺,是,3D打印塑料类产品，数量50套、200套、500套。材质:环保/再生热塑性塑料。优先选用再生聚丙烯;再生高密度聚乙烯(HDPE)或再生聚对苯二甲酸乙二醇酯(PET)/PETG也可接受;原生食品级聚丙烯仅在被再生材料无法满足要求时方可接受。需含有再生成分(优先 采用GRS认证)。请,高价值/高活跃,高频提问、图纸大户、成本报价、有新需求、需问题跟进,本周使用6天，59次会话，提问105条，上传图纸90个,优先排查问题并回访
2026-07-20 至 2026-07-26,2608000,宁波联旭机械有限公司,宁波,铸造、机加工、装配、锻造,付费会员,销售/业务,否,否,6,77,96,202,成本报价,是,两款产品压铸，各1000件，需要多少吨的压机，毛坯各需要多少种，后续机加需要多长时间，解读图纸中零件的设计思路和大概成品和材料重量，指出图纸中零件的应用场景是什么（图纸特征提取如孔数量/孔径/深度/公差等级/面数/外形复杂度）？分析图纸中零件运用到了哪些工艺？（工艺分析中请指出加,否,,高价值/高活跃,高频提问、图纸大户、成本报价、有新需求,本周使用6天，77次会话，提问96条，上传图纸202个,记录需求并产品评估
2026-07-20 至 2026-07-26,2425043,南通爱唯尔机电制造有限公司,海安市,机加工、钣金,付费会员,经理/主管,否,否,4,5,74,145,成本报价,否,,否,,高价值/高活跃,高频提问、图纸大户、成本报价,本周使用4天，5次会话，提问74条，上传图纸145个,重点维护，沉淀案例
2026-07-20 至 2026-07-26,2125940,东莞市钜亮五金科技有限公司,东莞市,机加工、钣金、冲压,免费/非会员,未填写,否,否,6,26,72,94,成本报价,否,,否,,高价值/高活跃,高频提问、图纸大户、成本报价,本周使用6天，26次会话，提问72条，上传图纸94个,重点维护，沉淀案例
2026-07-20 至 2026-07-26,2511957,广州市铭阳五金制造有限公司,广州市,钣金、冲压,付费会员,经理/主管,否,否,6,27,52,59,成本报价,否,,是,"按报价单报价 ，不锈钢 304， [零件文件预处理上下文] 零件文件1：YF.3.BJ.PJ.10009-震板-1500W-28k(解密).STEP 预处理结果：{""status"":""success"",""fileId"":""814da06c"",""fileName"":""haizol-",高价值/高活跃,高频提问、图纸大户、成本报价、需问题跟进,本周使用6天，27次会话，提问52条，上传图纸59个,优先排查问题并回访
2026-07-20 至 2026-07-26,2750627,温州市麦拓科汽车零部件有限公司,,机加工、锻造、立式车削、线切割、车削、外圆磨、车铣复合、五轴加工、模锻、齿轮成型、CNC铣削或铣削加工、墩锻、走心机/自动车、紧固件&五金件,付费会员,经理/主管,否,否,7,20,50,45,成本报价,否,,否,,高价值/高活跃,高频提问、图纸大户、成本报价,本周使用7天，20次会话，提问50条，上传图纸45个,重点维护，沉淀案例
2026-07-20 至 2026-07-26,1927061,江苏德律根电气有限公司,扬州,钣金、冲压、表面处理、机加工,付费会员,经理/主管,否,否,5,9,49,46,成本报价,否,,否,,高价值/高活跃,高频提问、图纸大户、成本报价,本周使用5天，9次会话，提问49条，上传图纸46个,重点维护，沉淀案例
2026-07-20 至 2026-07-26,2235761,幸元电气（苏州）有限公司/上海垚洪机电科技有限公司,苏州,钣金,付费会员,经理/主管,否,否,4,14,48,62,成本报价,是,要给每一项的材料费，下料，折弯，焊接，打磨抛光，打包，运费，管理费，利润，哪些价格低的要给我建议价格,否,,高价值/高活跃,高频提问、图纸大户、成本报价、有新需求,本周使用4天，14次会话，提问48条，上传图纸62个,记录需求并产品评估
2026-07-20 至 2026-07-26,1658595,余姚市和盛机械有限公司,余姚市,冲压、钣金、机加工,付费会员,经理/主管,否,否,5,9,45,16,成本报价,否,,否,,高价值/高活跃,高频提问、图纸大户、成本报价,本周使用5天，9次会话，提问45条，上传图纸16个,重点维护，沉淀案例
2026-07-20 至 2026-07-26,2797330,杭州骉昇科技有限公司,杭州,机加工、表面处理,付费会员,销售/业务,否,否,5,9,44,32,成本报价,否,,否,,高价值/高活跃,高频提问、图纸大户、成本报价,本周使用5天，9次会话，提问44条，上传图纸32个,重点维护，沉淀案例
2026-07-20 至 2026-07-26,2956492,东莞市峥华科技有限公司,东莞市,机加工、钣金,付费会员,经理/主管,否,否,5,18,41,40,成本报价,否,,是,"分析图纸 [零件文件预处理上下文] 零件文件1：updated.stl 预处理结果：{""status"":""success"",""fileId"":""ce77ca59"",""fileName"":""haizol-part-1436906921819733260.stl"",""fileForm",高价值/高活跃,高频提问、图纸大户、成本报价、需问题跟进,本周使用5天，18次会话，提问41条，上传图纸40个,优先排查问题并回访
2026-07-20 至 2026-07-26,1651664,宁波兴轮机械有限公司,宁波,机加工、钣金、冲压,付费会员,经理/主管,否,否,3,32,38,46,成本报价,是,"请提供价格建议；技术要求：材料: 陶瓷或类似材料 无塑料 陶瓷类 100 件 500 件 1,000 件 买家须知：组件1-底座 外形尺寸 • 长度：214毫米 • 宽度：144毫米 • 高度：40毫米 内部空腔 • 长度：204毫米 • 宽度：134毫米 • 深度：35毫米 壁",是,"CNC铣削或铣削加工 铝类 1 件 [零件文件预处理上下文] 零件文件1：piez.stl 预处理结果：{""status"":""success"",""fileId"":""ef443e77"",""fileName"":""haizol-part-8792696173317193803.stl""",高价值/高活跃,高频提问、图纸大户、成本报价、有新需求、需问题跟进,本周使用3天，32次会话，提问38条，上传图纸46个,优先排查问题并回访
2026-07-20 至 2026-07-26,2867638,扬州朗腾机械设备有限公司,扬州,钣金、机加工,付费会员,经理/主管,否,否,5,8,38,46,成本报价,是,就是我后续可不可可不可以跟客户说，要达到那个，因为我的第二报价就是一百件的报价是二十九块五还是二十九二十九块的，呃，要达到这个价那个价格目标，它的量产那个量产数量必须要达到五千五千个五千件才能达到这种量级，我可不可以这么说？；请结合以下零件文件预处理结果，分析图纸特征、工艺路径、,否,,高价值/高活跃,高频提问、图纸大户、成本报价、有新需求,本周使用5天，8次会话，提问38条，上传图纸46个,记录需求并产品评估
2026-07-20 至 2026-07-26,3044625,上海杰光精密模具制造有限公司,上海,机加工,付费会员,经理/主管,否,否,3,19,37,14,成本报价,是,技术要求：需求描述： 定子铁芯 0905/L16 数量各2个 1205数量6各 技术要求： 不开模激光 / 线切割打样,是,中丝单价不对，重新核算,活跃用户,高频提问、图纸大户、成本报价、有新需求、需问题跟进,本周使用3天，19次会话，提问37条，上传图纸14个,优先排查问题并回访
2026-07-20 至 2026-07-26,2653103,宁波盛威智能安防科技有限公司,宁波,钣金、机加工、粉末冶金、紧固件&五金件、冲压,付费会员,经理/主管,否,否,5,18,36,45,成本报价,否,,否,,高价值/高活跃,高频提问、图纸大户、成本报价,本周使用5天，18次会话，提问36条，上传图纸45个,重点维护，沉淀案例
2026-07-20 至 2026-07-26,2195864,宁波埃科瑞特机械有限公司,宁波,机加工、铸造、塑胶成型、粉末冶金、泵 阀 接头,付费会员,销售/业务,是,否,5,15,35,27,成本报价,是,报价建议呢,否,,高价值/高活跃,新使用、高频提问、图纸大户、成本报价、有新需求,本周使用5天，15次会话，提问35条，上传图纸27个,记录需求并产品评估
2026-07-20 至 2026-07-26,2193043,东莞市永开泰五金制品有限公司,东莞市,机加工、铸造,付费会员,未填写,否,否,5,2,32,58,成本报价,否,,是,"报价，5件，PMMA材料，cnc加工。 [零件文件预处理上下文] 零件文件1：PKD+1390+DA.STL 预处理结果：{""status"":""success"",""fileId"":""7eb07af9"",""fileName"":""haizol-part-165950905943457",高价值/高活跃,高频提问、图纸大户、成本报价、需问题跟进,本周使用5天，2次会话，提问32条，上传图纸58个,优先排查问题并回访
2026-07-20 至 2026-07-26,1441542,上海庆骋实业有限公司/上海庆丞机械有限公司,上海,机加工、铸造,付费会员,销售/业务,否,否,6,18,31,21,成本报价,否,,否,,高价值/高活跃,高频提问、图纸大户、成本报价,本周使用6天，18次会话，提问31条，上传图纸21个,重点维护，沉淀案例
2026-07-20 至 2026-07-26,2990071,珠海市旭凯机械科技有限公司,珠海市,钣金、机加工、冲压,付费会员,销售/业务,否,否,4,5,28,44,成本报价,是,客户需求8000件,是,"这是一个新的图纸，客户要求透明阳极氧化，铝材，分别要求200 及400 的阶梯报价。客户给了一个1.05美金的目标价 [零件文件预处理上下文] 零件文件1：Cap V1.1 w_recess.STL 预处理结果：{""status"":""success"",""fileId"":""ac75",高价值/高活跃,图纸大户、成本报价、有新需求、需问题跟进,本周使用4天，5次会话，提问28条，上传图纸44个,优先排查问题并回访
2026-07-20 至 2026-07-26,2484116,江苏运亨金属制品有限公司,无锡,钣金、塑胶成型,付费会员,高管/负责人,否,否,6,15,27,131,成本报价,否,,否,,高价值/高活跃,图纸大户、成本报价,本周使用6天，15次会话，提问27条，上传图纸131个,重点维护，沉淀案例
2026-07-20 至 2026-07-26,2567570,佛山市烈喜金属制品有限公司,佛山市,机加工、铸造,付费会员,经理/主管,是,否,3,14,27,12,成本报价,是,"把这份报价优化 [零件文件预处理上下文] 零件文件1：报价单-附件-佛山市烈喜金属制品有限公司-20260721200138.xlsx 预处理结果：{""fileName"":""报价单-附件-佛山市烈喜金属制品有限公司-20260721200138.xlsx"",""fileType"":",否,,活跃用户,新使用、图纸大户、成本报价、有新需求,本周使用3天，14次会话，提问27条，上传图纸12个,记录需求并产品评估
2026-07-20 至 2026-07-26,1318998,上海盛晟机械有限公司,,机加工、弹簧与线成型,付费会员,销售/业务,否,否,4,11,27,20,成本报价,是,先按我厂设备能力判断能不能做,是,先按我厂设备能力判断能不能做；尺寸不对，请重新分析图纸尺寸,高价值/高活跃,图纸大户、成本报价、有新需求、需问题跟进,本周使用4天，11次会话，提问27条，上传图纸20个,优先排查问题并回访
2026-07-20 至 2026-07-26,2537960,宁波鄞州东彧五金制品有限公司,宁波,塑胶成型、冲压,付费会员,经理/主管,否,否,4,10,27,11,成本报价,否,,否,,活跃用户,图纸大户、成本报价,本周使用4天，10次会话，提问27条，上传图纸11个,常规维护，持续观察
2026-07-20 至 2026-07-26,3039306,博川电气有限公司,,钣金、冲压、表面处理、装配、电气产品、机加工,付费会员,未填写,否,否,4,6,26,14,成本报价,是,"Looking for 19"" Network Rack Cabinet Supplier 寻 19 英寸网络机柜供应商采购详细描述Hello, 您好：We are looking for a reliable supplier of 19-inch network rack c",否,,活跃用户,图纸大户、成本报价、有新需求,本周使用4天，6次会话，提问26条，上传图纸14个,记录需求并产品评估
2026-07-20 至 2026-07-26,2660420,阿特拉斯智能工程（江苏）有限公司,苏州,钣金、机加工、装配,付费会员,销售/业务,否,是,4,20,22,21,成本报价,否,,否,,高价值/高活跃,回流、图纸大户、成本报价,本周使用4天，20次会话，提问22条，上传图纸21个,回流用户回访，确认使用场景
2026-07-20 至 2026-07-26,2004989,东莞市钧益五金制品有限公司,镇江,机加工、CNC铣削或铣削加工、车削、钣金、焊接、五轴加工、折弯、四轴_镗铣床、走心机/自动车、车铣复合、管件加工、铸造,付费会员,销售/业务,否,否,5,3,21,52,成本报价,否,,否,,高价值/高活跃,图纸大户、成本报价,本周使用5天，3次会话，提问21条，上传图纸52个,重点维护，沉淀案例
2026-07-20 至 2026-07-26,2551757,深圳市鑫一品精密模型科技有限公司,东莞市,机加工、钣金、快速原型,付费会员,未填写,否,否,4,1,21,0,贸易合规,否,,否,,活跃用户,贸易合规,本周使用4天，1次会话，提问21条，上传图纸0个,常规维护，持续观察
2026-07-20 至 2026-07-26,2204290,苏州佳而益科技有限公司,苏州,机加工、钣金、铸造、泵 阀 接头、模具制造,付费会员,经理/主管,否,否,3,4,20,25,工程技术,否,,否,,高价值/高活跃,图纸大户、工程技术,本周使用3天，4次会话，提问20条，上传图纸25个,重点维护，沉淀案例
2026-07-20 至 2026-07-26,2864987,宝隆华（天津）机械制造有限公司,天津市,机加工,付费会员,经理/主管,否,否,2,3,20,5,工程技术,否,,是,那你一开始的推荐的就是错的，为什么一开始不能给我推荐正确的内容,活跃用户,工程技术、需问题跟进,本周使用2天，3次会话，提问20条，上传图纸5个,优先排查问题并回访
2026-07-20 至 2026-07-26,3029809,南通安柯尔金属制品有限公司/通州湾示范区丰进机械厂,,铸造、机加工、模具制造,付费会员,经理/主管,否,否,4,7,19,10,成本报价,否,,否,,活跃用户,图纸大户、成本报价,本周使用4天，7次会话，提问19条，上传图纸10个,常规维护，持续观察
2026-07-20 至 2026-07-26,1746815,深圳市鑫鸿基模具有限公司,深圳市,铸造、机加工,付费会员,经理/主管,否,是,3,4,19,19,成本报价,是,产品单价能不能再详细一点，比如压铸费、CNC费用，打毛刺费用、钻孔费、人工费、管理费、利润。而且这个小件需要20几块肯定不合理，太贵了，没有竞争力,是,产品单价能不能再详细一点，比如压铸费、CNC费用，打毛刺费用、钻孔费、人工费、管理费、利润。而且这个小件需要20几块肯定不合理，太贵了，没有竞争力,高价值/高活跃,回流、图纸大户、成本报价、有新需求、需问题跟进,本周使用3天，4次会话，提问19条，上传图纸19个,优先排查问题并回访
2026-07-20 至 2026-07-26,2855105,上海鼎自自动化设备有限公司,上海,机加工,付费会员,经理/主管,否,否,5,12,18,49,成本报价,否,,否,,高价值/高活跃,图纸大户、成本报价,本周使用5天，12次会话，提问18条，上传图纸49个,重点维护，沉淀案例
2026-07-20 至 2026-07-26,2448125,苏州华泰鑫模塑科技有限公司,昆山,塑胶成型、模具制造,付费会员,经理/主管,是,否,4,5,18,18,成本报价,否,,是,"帮我生成一份报价单 [零件文件预处理上下文] 零件文件1：Air Purifier V1(3).stl 预处理结果：{""status"":""success"",""fileId"":""a3408613"",""fileName"":""haizol-part-110616235755276384",高价值/高活跃,新使用、图纸大户、成本报价、需问题跟进,本周使用4天，5次会话，提问18条，上传图纸18个,优先排查问题并回访
2026-07-20 至 2026-07-26,2778626,上海艺畅汽车配件有限公司,上海,模具制造、装配、塑胶成型、铸造,付费会员,销售/业务,否,否,2,5,18,8,成本报价,否,,否,,活跃用户,成本报价,本周使用2天，5次会话，提问18条，上传图纸8个,常规维护，持续观察
2026-07-20 至 2026-07-26,2556192,湖州弘运科技有限公司,湖州,机加工,付费会员,销售/业务,否,否,1,17,17,17,成本报价,否,,否,,高价值/高活跃,图纸大户、成本报价,本周使用1天，17次会话，提问17条，上传图纸17个,重点维护，沉淀案例
2026-07-20 至 2026-07-26,1895753,东莞市协皇实业有限公司,东莞市,机加工、冲压、塑胶成型,付费会员,经理/主管,否,否,6,15,17,62,成本报价,否,,否,,高价值/高活跃,图纸大户、成本报价,本周使用6天，15次会话，提问17条，上传图纸62个,重点维护，沉淀案例
2026-07-20 至 2026-07-26,2228551,昆山辉业达机电科技有限公司,昆山,机加工、冲压,付费会员,经理/主管,否,否,4,5,17,16,成本报价,否,,否,,高价值/高活跃,图纸大户、成本报价,本周使用4天，5次会话，提问17条，上传图纸16个,重点维护，沉淀案例
2026-07-20 至 2026-07-26,2945213,苏州瑞煜翌模具有限公司,苏州,机加工、钣金,付费会员,经理/主管,是,否,2,2,17,42,成本报价,否,,否,,高价值/高活跃,新使用、图纸大户、成本报价,本周使用2天，2次会话，提问17条，上传图纸42个,新用户引导，推动二次使用
2026-07-20 至 2026-07-26,2875088,苏州嘉辉鸿精密机械有限公司,苏州,钣金、机加工,付费会员,其他,是,否,3,11,16,14,成本报价,是,"材质全为碳钢Q235,帮我重新核一下价格 [零件文件预处理上下文] 零件文件1：报价单-附件-供应商-20260723182320.xlsx 预处理结果：{""fileName"":""报价单-附件-供应商-20260723182320.xlsx"",""fileType"":""xlsx"",",是,"材质全为碳钢Q235,帮我重新核一下价格 [零件文件预处理上下文] 零件文件1：报价单-附件-供应商-20260723182320.xlsx 预处理结果：{""fileName"":""报价单-附件-供应商-20260723182320.xlsx"",""fileType"":""xlsx"",",活跃用户,新使用、图纸大户、成本报价、有新需求、需问题跟进,本周使用3天，11次会话，提问16条，上传图纸14个,优先排查问题并回访
2026-07-20 至 2026-07-26,3038790,昆山越美塑料科技有限公司,昆山,机加工,付费会员,销售/业务,否,否,5,11,16,12,成本报价,否,,是,根据图纸工艺 计算全部成本 机加工不能做的 我外协给其他人 [补充要求] 给我报价,高价值/高活跃,图纸大户、成本报价、需问题跟进,本周使用5天，11次会话，提问16条，上传图纸12个,优先排查问题并回访
2026-07-20 至 2026-07-26,1831482,宁波雷邦机械科技有限公司,宁波,塑胶成型、机加工、模具制造,付费会员,经理/主管,否,否,5,9,16,18,成本报价,是,按图纸技术和各项要求报价，模具要30万模次，总需求量在30万，模具成本和产品成本分开。；这是一个黑色件，评估下报价，总需求量30万，模具模次按30万来报。产品和模具价格及拆分,否,,高价值/高活跃,图纸大户、成本报价、有新需求,本周使用5天，9次会话，提问16条，上传图纸18个,记录需求并产品评估
2026-07-20 至 2026-07-26,1641189,无锡鼎邦科技有限公司,无锡,铸造、机加工,付费会员,经理/主管,否,否,3,8,16,9,成本报价,否,,否,,活跃用户,成本报价,本周使用3天，8次会话，提问16条，上传图纸9个,常规维护，持续观察
2026-07-20 至 2026-07-26,3023405,苏州栖阳精密机械有限公司,苏州,机加工,付费会员,未填写,否,是,2,4,15,20,成本报价,否,,否,,高价值/高活跃,回流、图纸大户、成本报价,本周使用2天，4次会话，提问15条，上传图纸20个,回流用户回访，确认使用场景
2026-07-20 至 2026-07-26,2955567,宁波市奉川机械制造有限公司,宁波,冲压、模具制造,付费会员,经理/主管,否,否,3,4,15,5,成本报价,否,,否,,活跃用户,成本报价,本周使用3天，4次会话，提问15条，上传图纸5个,常规维护，持续观察
2026-07-20 至 2026-07-26,2448091,江苏和超机械设备有限公司,,钣金、结构件、焊接、各类切割、折弯、其它、机加工,付费会员,高管/负责人,是,否,2,8,14,10,成本报价,否,,否,,活跃用户,新使用、图纸大户、成本报价,本周使用2天，8次会话，提问14条，上传图纸10个,新用户引导，推动二次使用
2026-07-20 至 2026-07-26,2804849,常州瑞璐塑业有限公司,常州,机加工、塑胶成型,付费会员,经理/主管,是,否,4,8,14,7,成本报价,否,,否,,活跃用户,新使用、成本报价,本周使用4天，8次会话，提问14条，上传图纸7个,新用户引导，推动二次使用
2026-07-20 至 2026-07-26,2879177,昆山吉士机精密机械有限公司,苏州,机加工、铸造,付费会员,经理/主管,是,否,3,7,14,8,成本报价,否,,否,,活跃用户,新使用、成本报价,本周使用3天，7次会话，提问14条，上传图纸8个,新用户引导，推动二次使用
2026-07-20 至 2026-07-26,2064210,衡水卓峰金属制品有限公司,衡水市,机加工,付费会员,销售/业务,否,否,4,9,13,9,成本报价,否,,否,,活跃用户,成本报价,本周使用4天，9次会话，提问13条，上传图纸9个,常规维护，持续观察
2026-07-20 至 2026-07-26,2569206,宁波海宏鑫唐机械有限公司,宁波,铸造、机加工,付费会员,经理/主管,否,否,3,7,13,7,成本报价,否,,否,,活跃用户,成本报价,本周使用3天，7次会话，提问13条，上传图纸7个,常规维护，持续观察
2026-07-20 至 2026-07-26,2440468,重庆蔚蓝精密机械有限公司/蔚蓝精密机械（嘉兴）有限公司,嘉兴,机加工,付费会员,其他,否,否,3,6,13,6,成本报价,否,,是,用津上S205A走心机加工10000件附件中的图纸产品，原材料直径为对边15的不锈钢六角材料，材料为25元/KG的单价，材料单支长度2500mm。走心机的切断刀为2.5mm宽，送料机尾料长度约200mm无法加工，只能当废屑8元/KG处理卖掉。零件不需要热处理钝化等工艺，那么给客户,活跃用户,成本报价、需问题跟进,本周使用3天，6次会话，提问13条，上传图纸6个,优先排查问题并回访
2026-07-20 至 2026-07-26,2438077,杭州简森五金制品有限公司,杭州,冲压、机加工、钣金,付费会员,销售/业务,否,否,4,3,13,18,成本报价,否,,否,,高价值/高活跃,图纸大户、成本报价,本周使用4天，3次会话，提问13条，上传图纸18个,重点维护，沉淀案例
2026-07-20 至 2026-07-26,2856064,上海真懿电气科技有限公司,上海,机加工、冲压、塑胶成型、装配,付费会员,经理/主管,否,是,1,1,13,8,成本报价,否,,否,,活跃用户,回流、成本报价,本周使用1天，1次会话，提问13条，上传图纸8个,回流用户回访，确认使用场景
2026-07-20 至 2026-07-26,2810821,成都日新模具有限公司,成都,机加工、塑胶成型,付费会员,经理/主管,是,否,3,6,12,23,成本报价,否,,否,,高价值/高活跃,新使用、图纸大户、成本报价,本周使用3天，6次会话，提问12条，上传图纸23个,新用户引导，推动二次使用
2026-07-20 至 2026-07-26,1639342,上海赑雕机械有限公司,上海,铸造、机加工,付费会员,经理/主管,否,否,1,3,12,17,成本报价,否,,否,,高价值/高活跃,图纸大户、成本报价,本周使用1天，3次会话，提问12条，上传图纸17个,重点维护，沉淀案例
2026-07-20 至 2026-07-26,2187793,沧州惠君五金制品有限公司,沧州市,冲压、钣金,付费会员,高管/负责人,否,否,4,9,11,11,成本报价,否,,否,,活跃用户,图纸大户、成本报价,本周使用4天，9次会话，提问11条，上传图纸11个,常规维护，持续观察
2026-07-20 至 2026-07-26,2363106,东莞市景特电子科技有限公司,东莞市,机加工、塑胶成型,付费会员,经理/主管,否,是,3,9,11,8,成本报价,否,,否,,活跃用户,回流、成本报价,本周使用3天，9次会话，提问11条，上传图纸8个,回流用户回访，确认使用场景
2026-07-20 至 2026-07-26,2461608,上海瀚仁精密机械有限公司,上海,钣金,付费会员,经理/主管,是,否,2,8,11,8,工程技术,否,,否,,活跃用户,新使用、工程技术,本周使用2天，8次会话，提问11条，上传图纸8个,新用户引导，推动二次使用
2026-07-20 至 2026-07-26,2850183,宁波锐源塑业有限公司,宁波,塑胶成型、模具制造,付费会员,经理/主管,否,否,2,7,11,9,成本报价,否,,否,,活跃用户,成本报价,本周使用2天，7次会话，提问11条，上传图纸9个,常规维护，持续观察
2026-07-20 至 2026-07-26,1725879,苏州永基精密五金制品有限公司,,紧固件&五金件、冲压,付费会员,销售/业务,否,否,3,6,11,8,成本报价,否,,否,,活跃用户,成本报价,本周使用3天，6次会话，提问11条，上传图纸8个,常规维护，持续观察
2026-07-20 至 2026-07-26,1915517,佛山市突新自动化设备科技有限公司,佛山市,钣金、机加工,付费会员,工程/技术,否,是,2,4,11,6,成本报价,否,,否,,活跃用户,回流、成本报价,本周使用2天，4次会话，提问11条，上传图纸6个,回流用户回访，确认使用场景
2026-07-20 至 2026-07-26,2006613,青岛宏展科技发展有限公司,青岛市,机加工、装配、铸造、锻造,付费会员,经理/主管,是,否,1,4,11,6,成本报价,否,,否,,活跃用户,新使用、成本报价,本周使用1天，4次会话，提问11条，上传图纸6个,新用户引导，推动二次使用
2026-07-20 至 2026-07-26,2559939,杭州步锐特橡塑制品有限公司,杭州,塑胶成型、挤出、紧固件&五金件、机加工、泵 阀 接头,付费会员,经理/主管,否,否,3,4,11,4,成本报价,否,,否,,活跃用户,成本报价,本周使用3天，4次会话，提问11条，上传图纸4个,常规维护，持续观察
2026-07-20 至 2026-07-26,2209245,杭州恒力模具机械厂,杭州,机加工,付费会员,经理/主管,否,否,2,3,11,6,成本报价,是,"翻译这张图纸，并给出报价和工程工艺建议 [零件文件预处理上下文] 零件文件1：YS-181 SPACER.pdf 预处理结果：{""status"":""success"",""fileId"":""0969fbab"",""fileName"":""haizol-part-3683300241519",否,,活跃用户,成本报价、有新需求,本周使用2天，3次会话，提问11条，上传图纸6个,记录需求并产品评估
2026-07-20 至 2026-07-26,1860295,佛山市玛杰五金塑料有限公司,佛山市,机加工、塑胶成型、钣金、模具制造,付费会员,经理/主管,否,否,2,3,11,4,工程技术,否,,是,询盘#336691，这个产品要怎么做，材质:环保/再生热塑性塑料。优先选用再生聚丙烯(PP);再生高密度聚乙烯(HDPE)或再生聚对苯二甲酸乙二醇酯(PET)/PETG也可接受;原生食品级聚丙烯仅在被再生材料无法满足要求时方可接受 。需含有再生成分(优先采用GRS认证)。请说明针,普通使用用户,工程技术、需问题跟进,本周使用2天，3次会话，提问11条，上传图纸4个,优先排查问题并回访
2026-07-20 至 2026-07-26,2594339,上海炯杰实业有限公司,上海,机加工、铸造、塑胶成型,付费会员,经理/主管,否,否,4,9,10,12,成本报价,否,,否,,活跃用户,图纸大户、成本报价,本周使用4天，9次会话，提问10条，上传图纸12个,常规维护，持续观察
2026-07-20 至 2026-07-26,1872794,海海智工业科技有限公司,杭州,机加工、铸造、钣金、冲压、塑胶成型、锻造、泵 阀 接头、五轴加工、车削、走心机/自动车、精密铸造、压铸、电气产品、CNC铣削或铣削加工、普通冲压、紧固件&五金件,付费会员,工程/技术,否,否,3,8,10,9,成本报价,否,,否,,活跃用户,成本报价,本周使用3天，8次会话，提问10条，上传图纸9个,常规维护，持续观察
2026-07-20 至 2026-07-26,2369649,珠海市旭佳机械设备有限公司,珠海市,机加工、钣金,付费会员,经理/主管,否,是,3,7,10,10,成本报价,否,,否,,活跃用户,回流、图纸大户、成本报价,本周使用3天，7次会话，提问10条，上传图纸10个,回流用户回访，确认使用场景
2026-07-20 至 2026-07-26,2998275,聊城金匠恒创机械有限公司,,机加工,付费会员,经理/主管,否,否,2,7,10,8,成本报价,否,,否,,活跃用户,成本报价,本周使用2天，7次会话，提问10条，上传图纸8个,常规维护，持续观察
2026-07-20 至 2026-07-26,1800741,苏州杰悦五金机械有限公司,苏州,机加工,付费会员,销售/业务,是,否,1,4,10,3,询盘机会,是,MIM零件需求,否,,普通使用用户,新使用、询盘机会、有新需求,本周使用1天，4次会话，提问10条，上传图纸3个,记录需求并产品评估
2026-07-20 至 2026-07-26,2998822,钟祥市宏旭塑胶制品有限公司,钟祥市,塑胶成型、冲压,付费会员,经理/主管,否,否,2,3,10,11,成本报价,是,"月需求2000件，工艺冲压，材料不锈钢 06Cr19Ni10，成本报价多少；材料黄铜，月需求量10万件，成本报价多少 [零件文件预处理上下文] 零件文件1：焊片（Ø8.2）.pdf 预处理结果：{""status"":""success"",""fileId"":""6fa7e5a7"",""fi",是,"材料使用黑色ABS，数量25万套，模具成本和生产成本大概多少钱 [零件文件预处理上下文] 零件文件1：part2_dop.stl 预处理结果：{""status"":""success"",""fileId"":""1307dafd"",""fileName"":""haizol-part-45349",活跃用户,图纸大户、成本报价、有新需求、需问题跟进,本周使用2天，3次会话，提问10条，上传图纸11个,优先排查问题并回访
2026-07-20 至 2026-07-26,3023929,沧州鑫翰机械零部件有限公司,河间市,机加工、锻造、铸造,付费会员,经理/主管,否,否,3,3,10,6,成本报价,否,,否,,活跃用户,成本报价,本周使用3天，3次会话，提问10条，上传图纸6个,常规维护，持续观察
2026-07-20 至 2026-07-26,2868099,泰州市明记车业有限公司,泰州,冲压、钣金,付费会员,经理/主管,否,否,3,9,9,4,询盘机会,否,,否,,活跃用户,询盘机会,本周使用3天，9次会话，提问9条，上传图纸4个,常规维护，持续观察
2026-07-20 至 2026-07-26,2866322,杭州蓬博精密机械有限公司,杭州,机加工、钣金、模具制造、装配,付费会员,经理/主管,否,否,1,7,9,6,成本报价,否,,否,,活跃用户,成本报价,本周使用1天，7次会话，提问9条，上传图纸6个,常规维护，持续观察
2026-07-20 至 2026-07-26,2878540,深圳广鑫科顺五金制品有限公司,东莞市,机加工,付费会员,其他,否,否,2,4,9,6,询盘机会,否,,否,,活跃用户,询盘机会,本周使用2天，4次会话，提问9条，上传图纸6个,常规维护，持续观察
2026-07-20 至 2026-07-26,2728667,宁波北仑慕恩机械有限公司,宁波,钣金、冲压,付费会员,经理/主管,否,否,3,4,9,5,成本报价,否,,否,,活跃用户,成本报价,本周使用3天，4次会话，提问9条，上传图纸5个,常规维护，持续观察
2026-07-20 至 2026-07-26,1720071,宁波市中迪缝纫机械有限公司,宁波,机加工、轴承,付费会员,经理/主管,否,否,2,4,9,4,成本报价,否,,否,,普通使用用户,成本报价,本周使用2天，4次会话，提问9条，上传图纸4个,常规维护，持续观察
2026-07-20 至 2026-07-26,2955653,中山市华烁金属制品有限公司,中山,机加工、钣金、冲压,付费会员,经理/主管,否,否,3,3,9,4,成本报价,否,,否,,活跃用户,成本报价,本周使用3天，3次会话，提问9条，上传图纸4个,常规维护，持续观察
2026-07-20 至 2026-07-26,1871357,浙江杭夏精密科技有限公司,湖州,机加工、五轴加工、CNC铣削或铣削加工、车铣复合、车削、钣金,付费会员,经理/主管,否,否,2,5,8,8,成本报价,否,,否,,活跃用户,成本报价,本周使用2天，5次会话，提问8条，上传图纸8个,常规维护，持续观察
2026-07-20 至 2026-07-26,2651623,佛山市刚柔铝制品有限公司,佛山市,机加工、钣金,付费会员,经理/主管,否,否,3,4,8,8,成本报价,否,,否,,活跃用户,成本报价,本周使用3天，4次会话，提问8条，上传图纸8个,常规维护，持续观察
2026-07-20 至 2026-07-26,1655675,余姚市科美塑业有限公司,宁波,塑胶成型、模具制造、机加工,付费会员,经理/主管,是,否,3,4,8,7,成本报价,是,"按报价需求填入Excel表格 [零件文件预处理上下文] 零件文件1：注塑件开模成本模型.xlsx 预处理结果：{""fileName"":""注塑件开模成本模型.xlsx"",""fileType"":""xlsx"",""content"":""## 核算模板1\n| 鞍座成本报价单 | | | |",否,,活跃用户,新使用、成本报价、有新需求,本周使用3天，4次会话，提问8条，上传图纸7个,记录需求并产品评估
2026-07-20 至 2026-07-26,1221063,上海广磊弹簧有限公司,上海,弹簧与线成型,付费会员,销售/业务,否,是,2,3,8,6,成本报价,是,改进后的设计，疲劳能达到8000次吗?,否,,活跃用户,回流、成本报价、有新需求,本周使用2天，3次会话，提问8条，上传图纸6个,记录需求并产品评估
2026-07-20 至 2026-07-26,3046259,中山市汇海自动化设备有限公司,中山市,模具制造,免费/非会员,未填写,是,否,2,3,8,6,成本报价,否,,否,,活跃用户,新使用、成本报价,本周使用2天，3次会话，提问8条，上传图纸6个,新用户引导，推动二次使用
2026-07-20 至 2026-07-26,2580608,合京电器（温州）有限公司,温州,塑胶成型、冲压,付费会员,经理/主管,否,否,2,3,8,4,询盘机会,否,,否,,普通使用用户,询盘机会,本周使用2天，3次会话，提问8条，上传图纸4个,常规维护，持续观察
2026-07-20 至 2026-07-26,2312457,河北环宇机械制造有限公司,保定市,铸造、锻造、机加工,付费会员,经理/主管,否,是,2,2,8,7,成本报价,否,,否,,活跃用户,回流、成本报价,本周使用2天，2次会话，提问8条，上传图纸7个,回流用户回访，确认使用场景
2026-07-20 至 2026-07-26,1213485,苏州杰信精密机械制造有限公司,苏州,机加工、铸造,付费会员,经理/主管,否,是,1,1,8,4,成本报价,否,,否,,普通使用用户,回流、成本报价,本周使用1天，1次会话，提问8条，上传图纸4个,回流用户回访，确认使用场景
2026-07-20 至 2026-07-26,2585770,江苏大地工程塑料有限公司,扬中市,机加工、CNC铣削或铣削加工、车削、四轴_镗铣床、走心机/自动车、齿轮成型、专机整形加工、车铣复合、其它、泵 阀 接头,付费会员,经理/主管,否,否,3,7,7,7,成本报价,否,,否,,活跃用户,成本报价,本周使用3天，7次会话，提问7条，上传图纸7个,常规维护，持续观察
2026-07-20 至 2026-07-26,2497596,佛山市顺德区钰诚铄金属制品有限公司,佛山市,钣金、冲压,付费会员,经理/主管,否,否,3,6,7,7,成本报价,否,,否,,活跃用户,成本报价,本周使用3天，6次会话，提问7条，上传图纸7个,常规维护，持续观察
2026-07-20 至 2026-07-26,2496676,江苏联康信息股份有限公司,,机加工、电子元器件与装置、钣金,付费会员,经理/主管,否,是,3,5,7,13,成本报价,否,,否,,活跃用户,回流、图纸大户、成本报价,本周使用3天，5次会话，提问7条，上传图纸13个,回流用户回访，确认使用场景
2026-07-20 至 2026-07-26,2228159,无锡昱铖精密机械有限公司,无锡,机加工,付费会员,经理/主管,否,否,4,5,7,3,成本报价,否,,否,,活跃用户,成本报价,本周使用4天，5次会话，提问7条，上传图纸3个,常规维护，持续观察
2026-07-20 至 2026-07-26,1670108,昆山俊达杰塑胶五金制品有限公司,苏州,冲压、塑胶成型,付费会员,经理/主管,是,否,1,4,7,16,成本报价,否,,否,,高价值/高活跃,新使用、图纸大户、成本报价,本周使用1天，4次会话，提问7条，上传图纸16个,新用户引导，推动二次使用
2026-07-20 至 2026-07-26,3032181,苏州赛允电子科技有限公司,苏州,冲压、塑胶成型,付费会员,经理/主管,否,是,1,4,7,4,成本报价,否,,否,,普通使用用户,回流、成本报价,本周使用1天，4次会话，提问7条，上传图纸4个,回流用户回访，确认使用场景
2026-07-20 至 2026-07-26,1746796,东莞市定靖轩机械设备科技有限公司,东莞市,机加工,付费会员,销售/业务,否,是,3,3,7,5,成本报价,否,,否,,活跃用户,回流、成本报价,本周使用3天，3次会话，提问7条，上传图纸5个,回流用户回访，确认使用场景
2026-07-20 至 2026-07-26,2932831,天津科睿机械制造有限公司,天津市,钣金、装配,付费会员,经理/主管,否,是,1,3,7,3,成本报价,否,,否,,普通使用用户,回流、成本报价,本周使用1天，3次会话，提问7条，上传图纸3个,回流用户回访，确认使用场景
2026-07-20 至 2026-07-26,1344580,江阴市尧艺机械科技有限公司,无锡,机加工、钣金,付费会员,经理/主管,否,否,2,3,7,3,成本报价,否,,否,,普通使用用户,成本报价,本周使用2天，3次会话，提问7条，上传图纸3个,常规维护，持续观察
2026-07-20 至 2026-07-26,2726615,宁波倍力金属制品工贸有限公司,宁波,钣金、冲压、机加工、装配,付费会员,高管/负责人,否,否,2,3,7,3,工程技术,否,,否,,普通使用用户,工程技术,本周使用2天，3次会话，提问7条，上传图纸3个,常规维护，持续观察
2026-07-20 至 2026-07-26,2875759,深圳市泉通精密五金有限公司,深圳市,机加工、塑胶成型、模具制造,付费会员,经理/主管,否,否,3,2,7,25,成本报价,否,,否,,高价值/高活跃,图纸大户、成本报价,本周使用3天，2次会话，提问7条，上传图纸25个,重点维护，沉淀案例
2026-07-20 至 2026-07-26,1941677,江苏菲瑞达模具科技有限公司,江苏 靖江市,机加工、模具制造,付费会员,高管/负责人,否,否,1,2,7,7,成本报价,否,,否,,活跃用户,成本报价,本周使用1天，2次会话，提问7条，上传图纸7个,常规维护，持续观察
2026-07-20 至 2026-07-26,2971855,宜宾市超品工贸有限公司,宜宾市,机加工,付费会员,销售/业务,是,否,1,2,7,6,成本报价,否,,否,,活跃用户,新使用、成本报价,本周使用1天，2次会话，提问7条，上传图纸6个,新用户引导，推动二次使用
2026-07-20 至 2026-07-26,1872190,宁波中能机械科技有限公司,宁波,机加工、铸造,付费会员,经理/主管,否,否,1,2,7,3,成本报价,否,,否,,普通使用用户,成本报价,本周使用1天，2次会话，提问7条，上传图纸3个,常规维护，持续观察
2026-07-20 至 2026-07-26,3046331,杭州元宇精密制造有限公司,杭州,机加工,付费会员,未填写,是,否,1,2,7,3,成本报价,否,,否,,普通使用用户,新使用、成本报价,本周使用1天，2次会话，提问7条，上传图纸3个,新用户引导，推动二次使用
2026-07-20 至 2026-07-26,1703079,东莞市创之辉金属制品有限公司,东莞市,冲压、机加工,付费会员,销售/业务,否,否,2,2,7,3,成本报价,否,,否,,普通使用用户,成本报价,本周使用2天，2次会话，提问7条，上传图纸3个,常规维护，持续观察
2026-07-20 至 2026-07-26,2866867,绍兴上虞越加欣塑业有限公司,绍兴,塑胶成型、冲压、模具制造,付费会员,经理/主管,是,否,1,2,7,2,成本报价,否,,否,,普通使用用户,新使用、成本报价,本周使用1天，2次会话，提问7条，上传图纸2个,新用户引导，推动二次使用
2026-07-20 至 2026-07-26,2292438,昆山匠超准自动化设备有限公司,苏州,机加工,付费会员,经理/主管,是,否,1,1,7,7,工程技术,否,,否,,活跃用户,新使用、工程技术,本周使用1天，1次会话，提问7条，上传图纸7个,新用户引导，推动二次使用
2026-07-20 至 2026-07-26,2820768,宁波博钧模塑有限公司,宁波,塑胶成型、钣金,付费会员,经理/主管,否,否,3,6,6,6,成本报价,否,,否,,活跃用户,成本报价,本周使用3天，6次会话，提问6条，上传图纸6个,常规维护，持续观察
2026-07-20 至 2026-07-26,1657258,慈溪市华博机械有限公司,浙江慈溪市,铸造、机加工,付费会员,经理/主管,是,否,1,6,6,5,成本报价,否,,否,,活跃用户,新使用、成本报价,本周使用1天，6次会话，提问6条，上传图纸5个,新用户引导，推动二次使用
2026-07-20 至 2026-07-26,2535500,深圳弘达五金制造有限公司,深圳市,冲压、塑胶成型、机加工、电气产品,付费会员,经理/主管,是,否,3,6,6,4,工程技术,否,,否,,活跃用户,新使用、工程技术,本周使用3天，6次会话，提问6条，上传图纸4个,新用户引导，推动二次使用
2026-07-20 至 2026-07-26,2932960,大博金属制品有限公司,盐城市,机加工、钣金,付费会员,经理/主管,否,是,3,6,6,2,询盘机会,否,,否,,活跃用户,回流、询盘机会,本周使用3天，6次会话，提问6条，上传图纸2个,回流用户回访，确认使用场景
2026-07-20 至 2026-07-26,3039971,江苏源泰智能交通设施有限公司,宿迁市,钣金、机加工,付费会员,经理/主管,是,否,2,5,6,5,成本报价,否,,否,,活跃用户,新使用、成本报价,本周使用2天，5次会话，提问6条，上传图纸5个,新用户引导，推动二次使用
2026-07-20 至 2026-07-26,3042305,上海富宇玮塑料五金有限公司,嘉兴,塑胶成型、模具制造,付费会员,经理/主管,否,否,3,5,6,5,成本报价,否,,否,,活跃用户,成本报价,本周使用3天，5次会话，提问6条，上传图纸5个,常规维护，持续观察
2026-07-20 至 2026-07-26,2971684,上海星云启航智能科技有限公司,上海,机加工、五轴加工、CNC铣削或铣削加工、龙门加工、立式车削、锻造、模具制造,付费会员,其他,否,否,4,4,6,5,成本报价,否,,否,,活跃用户,成本报价,本周使用4天，4次会话，提问6条，上传图纸5个,常规维护，持续观察
2026-07-20 至 2026-07-26,2992550,湖南宫阙科技有限公司,长沙,机加工,付费会员,经理/主管,否,否,2,4,6,5,成本报价,否,,否,,活跃用户,成本报价,本周使用2天，4次会话，提问6条，上传图纸5个,常规维护，持续观察
2026-07-20 至 2026-07-26,2854744,浙江博雷电气股份有限公司/浙江百思达水暖股份有限公司/玉环豪正铜制品有限公司,玉环市,机加工、锻造、铸造,付费会员,经理/主管,是,否,1,4,6,3,成本报价,否,,否,,普通使用用户,新使用、成本报价,本周使用1天，4次会话，提问6条，上传图纸3个,新用户引导，推动二次使用
2026-07-20 至 2026-07-26,2806778,孝感市荣鹏机械有限公司,孝感市,机加工,付费会员,经理/主管,是,否,1,3,6,3,成本报价,否,,否,,普通使用用户,新使用、成本报价,本周使用1天，3次会话，提问6条，上传图纸3个,新用户引导，推动二次使用
2026-07-20 至 2026-07-26,2308587,深圳市超卓快捷科技有限公司,,机加工、冲压,付费会员,经理/主管,否,是,2,3,6,3,成本报价,否,,否,,普通使用用户,回流、成本报价,本周使用2天，3次会话，提问6条，上传图纸3个,回流用户回访，确认使用场景
2026-07-20 至 2026-07-26,3046177,世壮新型金属制品（沭阳）有限公司,宿迁市,冲压、钣金,付费会员,其他,是,否,1,2,6,2,成本报价,否,,否,,普通使用用户,新使用、成本报价,本周使用1天，2次会话，提问6条，上传图纸2个,新用户引导，推动二次使用
2026-07-20 至 2026-07-26,2407667,佛山市本胜五金有限公司,佛山市,机加工,付费会员,经理/主管,否,是,2,5,5,17,成本报价,否,,否,,高价值/高活跃,回流、图纸大户、成本报价,本周使用2天，5次会话，提问5条，上传图纸17个,回流用户回访，确认使用场景
2026-07-20 至 2026-07-26,2743497,伊泽瑞尓（太仓）金属科技有限公司,苏州,钣金、各类切割、焊接、结构件、折弯、普通冲压、冲压、表面处理,付费会员,经理/主管,是,否,1,5,5,10,工程技术,否,,否,,活跃用户,新使用、图纸大户、工程技术,本周使用1天，5次会话，提问5条，上传图纸10个,新用户引导，推动二次使用
2026-07-20 至 2026-07-26,1439713,衡水航源机械制造有限公司,河北衡水市,机加工、铸造,付费会员,经理/主管,是,否,4,5,5,3,工程技术,否,,否,,活跃用户,新使用、工程技术,本周使用4天，5次会话，提问5条，上传图纸3个,新用户引导，推动二次使用
2026-07-20 至 2026-07-26,2997652,常州市天煜塑科精密注塑有限公司,常州,塑胶成型、机加工,付费会员,经理/主管,否,是,2,5,5,1,询盘机会,否,,否,,普通使用用户,回流、询盘机会,本周使用2天，5次会话，提问5条，上传图纸1个,回流用户回访，确认使用场景
2026-07-20 至 2026-07-26,2971734,深圳市赛腾五金精密有限公司,东莞市,机加工、钣金,付费会员,经理/主管,是,否,1,5,5,0,询盘机会,否,,否,,普通使用用户,新使用、询盘机会,本周使用1天，5次会话，提问5条，上传图纸0个,新用户引导，推动二次使用
2026-07-20 至 2026-07-26,2936575,慈溪市倚豪塑料制品有限公司,宁波,模具制造、塑胶成型、冲压,付费会员,经理/主管,是,否,1,4,5,2,成本报价,否,,否,,普通使用用户,新使用、成本报价,本周使用1天，4次会话，提问5条，上传图纸2个,新用户引导，推动二次使用
2026-07-20 至 2026-07-26,2875081,杭州铁畅金属制造有限公司,杭州,机加工、冲压,付费会员,经理/主管,是,否,2,4,5,2,成本报价,否,,否,,普通使用用户,新使用、成本报价,本周使用2天，4次会话，提问5条，上传图纸2个,新用户引导，推动二次使用
2026-07-20 至 2026-07-26,2955540,江阴忠兆机械制造有限公司,无锡,机加工,付费会员,经理/主管,是,否,2,3,5,6,成本报价,否,,否,,活跃用户,新使用、成本报价,本周使用2天，3次会话，提问5条，上传图纸6个,新用户引导，推动二次使用
2026-07-20 至 2026-07-26,1828165,南通正泓科技有限公司,如皋市,机加工、铸造,付费会员,经理/主管,是,否,1,3,5,3,成本报价,否,,否,,普通使用用户,新使用、成本报价,本周使用1天，3次会话，提问5条，上传图纸3个,新用户引导，推动二次使用
2026-07-20 至 2026-07-26,2930616,苏州瑞斯隆机械零部件有限公司,苏州,机加工,付费会员,其他,是,否,2,3,5,3,工程技术,否,,否,,普通使用用户,新使用、工程技术,本周使用2天，3次会话，提问5条，上传图纸3个,新用户引导，推动二次使用
2026-07-20 至 2026-07-26,2350551,大连川东精密制造有限公司,大连市,机加工、铸造、钣金、锻造,付费会员,经理/主管,否,是,2,3,5,2,工程技术,否,,否,,普通使用用户,回流、工程技术,本周使用2天，3次会话，提问5条，上传图纸2个,回流用户回访，确认使用场景
2026-07-20 至 2026-07-26,2849669,诸暨市奥格机械有限公司,诸暨,机加工、塑胶成型,付费会员,经理/主管,否,是,1,3,5,2,成本报价,否,,否,,普通使用用户,回流、成本报价,本周使用1天，3次会话，提问5条，上传图纸2个,回流用户回访，确认使用场景
2026-07-20 至 2026-07-26,1827626,苏州伟展精工科技有限公司,苏州,机加工、塑胶成型、模具制造,付费会员,经理/主管,否,否,3,3,5,2,成本报价,否,,否,,活跃用户,成本报价,本周使用3天，3次会话，提问5条，上传图纸2个,常规维护，持续观察
2026-07-20 至 2026-07-26,2960589,扬州墨菲电子电器有限公司,扬州,钣金、机加工,付费会员,工程/技术,否,否,1,2,5,3,成本报价,否,,否,,普通使用用户,成本报价,本周使用1天，2次会话，提问5条，上传图纸3个,常规维护，持续观察
2026-07-20 至 2026-07-26,2448575,广东稳达金属科技有限公司,四会市,铸造、机加工,付费会员,销售/业务,否,否,1,2,5,2,成本报价,否,,否,,普通使用用户,成本报价,本周使用1天，2次会话，提问5条，上传图纸2个,常规维护，持续观察
2026-07-20 至 2026-07-26,2821677,深圳市震强科技有限公司,深圳,机加工,付费会员,经理/主管,否,否,1,2,5,2,成本报价,否,,否,,普通使用用户,成本报价,本周使用1天，2次会话，提问5条，上传图纸2个,常规维护，持续观察
2026-07-20 至 2026-07-26,2181466,兴意金工科技（浙江）有限公司,嘉兴,钣金、冲压、机加工、装配,付费会员,销售/业务,是,否,2,2,5,2,成本报价,否,,否,,普通使用用户,新使用、成本报价,本周使用2天，2次会话，提问5条，上传图纸2个,新用户引导，推动二次使用
2026-07-20 至 2026-07-26,3030590,优智（南京）科技有限公司,南京,铸造,付费会员,经理/主管,是,否,1,2,5,0,询盘机会,否,,否,,普通使用用户,新使用、询盘机会,本周使用1天，2次会话，提问5条，上传图纸0个,新用户引导，推动二次使用
2026-07-20 至 2026-07-26,2477431,宁波弘启塑模制品有限公司,奉化,塑胶成型、模具制造,付费会员,经理/主管,否,是,1,1,5,5,成本报价,否,,否,,活跃用户,回流、成本报价,本周使用1天，1次会话，提问5条，上传图纸5个,回流用户回访，确认使用场景
2026-07-20 至 2026-07-26,2990059,杭州风辉科技有限公司,杭州,塑胶成型、模具制造、快速原型,付费会员,经理/主管,否,是,2,1,5,3,成本报价,否,,否,,普通使用用户,回流、成本报价,本周使用2天，1次会话，提问5条，上传图纸3个,回流用户回访，确认使用场景
2026-07-20 至 2026-07-26,2794266,杭州富阳富缘光电通信设备有限公司,杭州,钣金、塑胶成型,付费会员,经理/主管,否,否,1,1,5,3,成本报价,否,,否,,普通使用用户,成本报价,本周使用1天，1次会话，提问5条，上传图纸3个,常规维护，持续观察
2026-07-20 至 2026-07-26,2538610,昆山恒德诚电子有限公司,周市,冲压、塑胶成型,付费会员,经理/主管,否,是,1,1,5,2,成本报价,是,对询盘编号335325给出报价建议,否,,普通使用用户,回流、成本报价、有新需求,本周使用1天，1次会话，提问5条，上传图纸2个,记录需求并产品评估
2026-07-20 至 2026-07-26,3022964,赣匠精密机械（南通）有限公司,南通,冲压、机加工、模具制造,付费会员,销售/业务,否,否,3,4,4,16,成本报价,否,,否,,高价值/高活跃,图纸大户、成本报价,本周使用3天，4次会话，提问4条，上传图纸16个,重点维护，沉淀案例
2026-07-20 至 2026-07-26,2572360,苏州市鑫坤精密机械制造有限公司,苏州,机加工,付费会员,经理/主管,是,否,2,4,4,14,工程技术,否,,否,,活跃用户,新使用、图纸大户、工程技术,本周使用2天，4次会话，提问4条，上传图纸14个,新用户引导，推动二次使用
2026-07-20 至 2026-07-26,1817141,江苏维航精仪科技有限公司,徐州,机加工,付费会员,经理/主管,是,否,2,4,4,4,成本报价,否,,否,,普通使用用户,新使用、成本报价,本周使用2天，4次会话，提问4条，上传图纸4个,新用户引导，推动二次使用
2026-07-20 至 2026-07-26,2933448,新乡锦圣贸易有限公司,新乡市,钣金、冲压,付费会员,经理/主管,否,否,3,4,4,4,成本报价,否,,否,,活跃用户,成本报价,本周使用3天，4次会话，提问4条，上传图纸4个,常规维护，持续观察
2026-07-20 至 2026-07-26,2999147,涉县秀云温室工程有限公司,邯郸市,冲压、钣金,付费会员,经理/主管,否,否,2,4,4,4,成本报价,是,采购要求：按图加工 材料如图 需求里的一部分零件 看下能不能做 地区要求在河北 性价比高 有效率 不乱报价，我作为供应商，且位于河北，你帮我看看如何报价合适 [补充要求] 数量一套，表面处理有喷漆的，也有镀白锌的，需要你严格按照我给你的图纸进行报价,是,采购要求：按图加工 材料如图 需求里的一部分零件 看下能不能做 地区要求在河北 性价比高 有效率 不乱报价，我作为供应商，且位于河北，你帮我看看如何报价合适 [补充要求] 数量一套，表面处理有喷漆的，也有镀白锌的，需要你严格按照我给你的图纸进行报价,普通使用用户,成本报价、有新需求、需问题跟进,本周使用2天，4次会话，提问4条，上传图纸4个,优先排查问题并回访
2026-07-20 至 2026-07-26,2190699,常州市润达齿轮有限公司,常州,机加工,付费会员,经理/主管,是,否,1,4,4,4,工程技术,否,,否,,普通使用用户,新使用、工程技术,本周使用1天，4次会话，提问4条，上传图纸4个,新用户引导，推动二次使用
2026-07-20 至 2026-07-26,1219948,苏州欣亨瑞精密科技有限公司,苏州,机加工、铸造、锻造,付费会员,经理/主管,否,是,1,3,4,22,成本报价,否,,否,,高价值/高活跃,回流、图纸大户、成本报价,本周使用1天，3次会话，提问4条，上传图纸22个,回流用户回访，确认使用场景
2026-07-20 至 2026-07-26,3023519,宁波循光科技有限公司,宁波,机加工,付费会员,经理/主管,否,是,1,3,4,7,成本报价,否,,否,,活跃用户,回流、成本报价,本周使用1天，3次会话，提问4条，上传图纸7个,回流用户回访，确认使用场景
2026-07-20 至 2026-07-26,2738331,杭州千鼎五金有限公司,杭州,钣金、冲压,付费会员,经理/主管,是,否,2,3,4,5,成本报价,否,,否,,活跃用户,新使用、成本报价,本周使用2天，3次会话，提问4条，上传图纸5个,新用户引导，推动二次使用
2026-07-20 至 2026-07-26,2275409,深圳市隆大金属有限公司/广东敏大智造科技有限公司,中山市,机加工、钣金、模具制造、表面处理,付费会员,经理/主管,否,是,2,3,4,5,成本报价,否,,否,,活跃用户,回流、成本报价,本周使用2天，3次会话，提问4条，上传图纸5个,回流用户回访，确认使用场景
2026-07-20 至 2026-07-26,3023185,芯准智能科技（江阴）有限公司,无锡,机加工,付费会员,经理/主管,否,是,2,3,4,4,工程技术,是,数量一共423件 帮我根据图纸需求核个价格,否,,普通使用用户,回流、工程技术、有新需求,本周使用2天，3次会话，提问4条，上传图纸4个,记录需求并产品评估
2026-07-20 至 2026-07-26,2292475,宁波金通金属科技有限公司,宁波,机加工、装配、钣金、冲压,付费会员,销售/业务,否,否,1,3,4,3,工程技术,否,,否,,普通使用用户,工程技术,本周使用1天，3次会话，提问4条，上传图纸3个,常规维护，持续观察
2026-07-20 至 2026-07-26,2970937,深圳市云创精密医疗科技有限公司,深圳市,钣金、机加工、快速原型,付费会员,经理/主管,是,否,1,3,4,3,成本报价,否,,是,给我们推荐异常有难度得钣金件,普通使用用户,新使用、成本报价、需问题跟进,本周使用1天，3次会话，提问4条，上传图纸3个,优先排查问题并回访
2026-07-20 至 2026-07-26,2840029,深圳市天洋精密科技有限公司,深圳市,机加工、模具制造、装配,付费会员,经理/主管,否,否,2,3,4,3,成本报价,否,,否,,普通使用用户,成本报价,本周使用2天，3次会话，提问4条，上传图纸3个,常规维护，持续观察
2026-07-20 至 2026-07-26,1639210,苏州安科蒲电子科技有限公司,苏州,机加工、钣金,付费会员,经理/主管,否,否,3,3,4,3,成本报价,否,,否,,活跃用户,成本报价,本周使用3天，3次会话，提问4条，上传图纸3个,常规维护，持续观察
2026-07-20 至 2026-07-26,2812032,苏州博思威精密科技有限公司,苏州,机加工,付费会员,经理/主管,是,否,3,3,4,3,成本报价,是,"采购需求是需要能做精度比较高的供应商，能达到μ级；丝级；精密cnc加工，你根据我的公司和设备评估一下，这个项目我可以做嘛 [零件文件预处理上下文] 零件文件1：FAB+CARRIAGE+AL+202405-SH075+D00.pdf 预处理结果：{""status"":""succes",否,,活跃用户,新使用、成本报价、有新需求,本周使用3天，3次会话，提问4条，上传图纸3个,记录需求并产品评估
2026-07-20 至 2026-07-26,2963951,惠州市晟利科技有限公司,惠州,塑胶成型、模具制造、装配、表面处理,付费会员,经理/主管,是,否,2,3,4,3,成本报价,否,,否,,普通使用用户,新使用、成本报价,本周使用2天，3次会话，提问4条，上传图纸3个,新用户引导，推动二次使用
2026-07-20 至 2026-07-26,1820191,宁波市海曙浩璐机械有限公司,宁波,铸造、机加工,付费会员,经理/主管,是,否,1,3,4,2,工程技术,否,,否,,普通使用用户,新使用、工程技术,本周使用1天，3次会话，提问4条，上传图纸2个,新用户引导，推动二次使用
2026-07-20 至 2026-07-26,3044496,大连众禾精密模具有限公司,大连市,冲压、钣金、机加工、模具制造、泵 阀 接头,付费会员,高管/负责人,是,否,2,3,4,1,成本报价,否,,否,,普通使用用户,新使用、成本报价,本周使用2天，3次会话，提问4条，上传图纸1个,新用户引导，推动二次使用
2026-07-20 至 2026-07-26,1400435,慈溪市卓立金属制品有限公司,宁波,铸造、机加工,付费会员,经理/主管,否,是,2,2,4,5,成本报价,否,,否,,活跃用户,回流、成本报价,本周使用2天，2次会话，提问4条，上传图纸5个,回流用户回访，确认使用场景
2026-07-20 至 2026-07-26,3030412,安银瑞成（天津）科技开发有限公司,天津市,模具制造、塑胶成型,付费会员,经理/主管,否,是,1,2,4,4,成本报价,否,,否,,普通使用用户,回流、成本报价,本周使用1天，2次会话，提问4条，上传图纸4个,回流用户回访，确认使用场景
2026-07-20 至 2026-07-26,2679152,苏州库帕模具科技有限公司,苏州,塑胶成型、模具制造、快速原型,付费会员,经理/主管,否,是,1,2,4,4,成本报价,否,,否,,普通使用用户,回流、成本报价,本周使用1天，2次会话，提问4条，上传图纸4个,回流用户回访，确认使用场景
2026-07-20 至 2026-07-26,2093867,绍兴市伟事通机械有限公司,绍兴,冲压、紧固件&五金件、钣金,付费会员,经理/主管,否,是,3,2,4,4,成本报价,否,,否,,活跃用户,回流、成本报价,本周使用3天，2次会话，提问4条，上传图纸4个,回流用户回访，确认使用场景
2026-07-20 至 2026-07-26,2094864,苏州昇利机械设备有限公司,苏州,钣金、冲压、表面处理,付费会员,其他,否,否,2,2,4,4,成本报价,否,,否,,普通使用用户,成本报价,本周使用2天，2次会话，提问4条，上传图纸4个,常规维护，持续观察
2026-07-20 至 2026-07-26,2014772,宁波鑫达锌压铸厂（普通合伙）,宁波,铸造、冲压、机加工,付费会员,销售/业务,否,否,1,2,4,2,工程技术,否,,否,,普通使用用户,工程技术,本周使用1天，2次会话，提问4条，上传图纸2个,常规维护，持续观察
2026-07-20 至 2026-07-26,2040139,泰福昌智能装备（惠州）有限公司,惠州市,机加工、钣金、快速原型,付费会员,销售/业务,否,否,2,2,4,2,成本报价,否,,否,,普通使用用户,成本报价,本周使用2天，2次会话，提问4条，上传图纸2个,常规维护，持续观察
2026-07-20 至 2026-07-26,2405333,温州超盛金属制品有限公司,温州,铸造、机加工、紧固件&五金件,付费会员,高管/负责人,是,否,2,2,4,1,成本报价,否,,否,,普通使用用户,新使用、成本报价,本周使用2天，2次会话，提问4条，上传图纸1个,新用户引导，推动二次使用
2026-07-20 至 2026-07-26,2216279,常州市思柯达机械厂,,机加工、冲压、弹簧与线成型、钣金,付费会员,经理/主管,是,否,1,2,4,0,询盘机会,否,,否,,普通使用用户,新使用、询盘机会,本周使用1天，2次会话，提问4条，上传图纸0个,新用户引导，推动二次使用
2026-07-20 至 2026-07-26,2621802,金华建峰机械有限公司,金华,机加工,付费会员,经理/主管,否,是,1,1,4,5,成本报价,是,"数量按此表重新计算 [零件文件预处理上下文] 零件文件1：报价单-建峰20260718.xlsx 预处理结果：{""fileName"":""报价单-建峰20260718.xlsx"",""fileType"":""xlsx"",""content"":""## 报价单\n| | 金华建峰机械有限公司",否,,活跃用户,回流、成本报价、有新需求,本周使用1天，1次会话，提问4条，上传图纸5个,记录需求并产品评估
2026-07-20 至 2026-07-26,2952754,广州市番禺区鑫艺金属制品厂,广州市,机加工、钣金,付费会员,销售/业务,否,否,1,1,4,4,成本报价,否,,否,,低频尝鲜用户,成本报价,本周使用1天，1次会话，提问4条，上传图纸4个,常规维护，持续观察
2026-07-20 至 2026-07-26,2292971,佛山市鼎尖机械有限公司,佛山市,机加工、钣金,付费会员,高管/负责人,否,是,1,1,4,3,成本报价,否,,否,,低频尝鲜用户,回流、成本报价,本周使用1天，1次会话，提问4条，上传图纸3个,回流用户回访，确认使用场景
2026-07-20 至 2026-07-26,1693283,深圳市鑫宇通精密塑胶模具有限公司,平湖,塑胶成型,付费会员,经理/主管,是,否,1,1,4,2,成本报价,否,,否,,低频尝鲜用户,新使用、成本报价,本周使用1天，1次会话，提问4条，上传图纸2个,新用户引导，推动二次使用
2026-07-20 至 2026-07-26,2955870,海宁华能精密机械有限公司,嘉兴,冲压、模具制造、塑胶成型,付费会员,经理/主管,是,否,1,1,4,1,成本报价,否,,否,,低频尝鲜用户,新使用、成本报价,本周使用1天，1次会话，提问4条，上传图纸1个,新用户引导，推动二次使用
2026-07-20 至 2026-07-26,2350352,鄂州市鄂城区品创五金加工经营部（个体工商户）,鄂州市,机加工,付费会员,经理/主管,是,否,1,1,4,1,成本报价,否,,否,,低频尝鲜用户,新使用、成本报价,本周使用1天，1次会话，提问4条，上传图纸1个,新用户引导，推动二次使用
2026-07-20 至 2026-07-26,2956545,惠州市明达辉科技有限公司,惠州市,塑胶成型,付费会员,经理/主管,是,否,1,1,4,0,询盘机会,否,,否,,低频尝鲜用户,新使用、询盘机会,本周使用1天，1次会话，提问4条，上传图纸0个,新用户引导，推动二次使用
2026-07-20 至 2026-07-26,2515136,浙江浪潮精密机械有限公司,杭州,机加工,付费会员,其他,否,否,1,1,4,0,询盘机会,否,,否,,低频尝鲜用户,询盘机会,本周使用1天，1次会话，提问4条，上传图纸0个,常规维护，持续观察
2026-07-20 至 2026-07-26,3022376,深圳市瀚森智联科技有限公司,深圳市,机加工,付费会员,经理/主管,否,否,3,3,3,7,成本报价,否,,否,,活跃用户,成本报价,本周使用3天，3次会话，提问3条，上传图纸7个,常规维护，持续观察
2026-07-20 至 2026-07-26,1670502,勋龙智造精密应用材料(苏州)股份有限公司,苏州,机加工、模具制造、塑胶成型,付费会员,高管/负责人,是,否,2,3,3,4,成本报价,否,,否,,普通使用用户,新使用、成本报价,本周使用2天，3次会话，提问3条，上传图纸4个,新用户引导，推动二次使用
2026-07-20 至 2026-07-26,3024719,东莞市凯安塑胶材料有限公司,东莞市,机加工、钣金,付费会员,经理/主管,否,否,1,3,3,3,工程技术,否,,否,,普通使用用户,工程技术,本周使用1天，3次会话，提问3条，上传图纸3个,常规维护，持续观察
2026-07-20 至 2026-07-26,2438135,沧州金莱傲瑞五金制品有限公司,泊头,冲压、塑胶成型,付费会员,经理/主管,否,是,3,3,3,3,成本报价,否,,否,,活跃用户,回流、成本报价,本周使用3天，3次会话，提问3条，上传图纸3个,回流用户回访，确认使用场景
2026-07-20 至 2026-07-26,2836360,嘉兴正昊精密制造有限公司,嘉兴,铸造、机加工,付费会员,其他,是,否,2,3,3,2,工程技术,否,,否,,普通使用用户,新使用、工程技术,本周使用2天，3次会话，提问3条，上传图纸2个,新用户引导，推动二次使用
2026-07-20 至 2026-07-26,2657362,杭州浙滨机械有限公司,杭州,机加工,付费会员,经理/主管,是,否,2,3,3,2,工程技术,否,,否,,普通使用用户,新使用、工程技术,本周使用2天，3次会话，提问3条，上传图纸2个,新用户引导，推动二次使用
2026-07-20 至 2026-07-26,2657941,上海睿贞实业有限公司,苏州,机加工,付费会员,经理/主管,否,是,2,3,3,2,成本报价,否,,否,,普通使用用户,回流、成本报价,本周使用2天，3次会话，提问3条，上传图纸2个,回流用户回访，确认使用场景
2026-07-20 至 2026-07-26,2998654,海外在线,,其他,免费/非会员,未填写,是,否,2,3,3,1,询盘机会,否,,否,,普通使用用户,新使用、询盘机会,本周使用2天，3次会话，提问3条，上传图纸1个,新用户引导，推动二次使用
2026-07-20 至 2026-07-26,2916859,温州光速传动科技有限公司,温州,机加工,付费会员,经理/主管,是,否,2,3,3,1,询盘机会,否,,否,,普通使用用户,新使用、询盘机会,本周使用2天，3次会话，提问3条，上传图纸1个,新用户引导，推动二次使用
2026-07-20 至 2026-07-26,2855354,苏州龙捷钢构件制造有限公司,苏州,钣金、机加工、装配,付费会员,销售/业务,否,是,1,2,3,6,成本报价,否,,否,,活跃用户,回流、成本报价,本周使用1天，2次会话，提问3条，上传图纸6个,回流用户回访，确认使用场景
2026-07-20 至 2026-07-26,2514610,江西金友机械制造有限公司,南昌市,冲压、模具制造,付费会员,经理/主管,否,否,2,2,3,5,成本报价,否,,否,,活跃用户,成本报价,本周使用2天，2次会话，提问3条，上传图纸5个,常规维护，持续观察
2026-07-20 至 2026-07-26,2986341,宁波未来机械制造有限公司/宁波见微领拓国际贸易有限公司,宁波,钣金、装配,付费会员,销售/业务,否,是,1,2,3,4,成本报价,否,,否,,普通使用用户,回流、成本报价,本周使用1天，2次会话，提问3条，上传图纸4个,回流用户回访，确认使用场景
2026-07-20 至 2026-07-26,2931597,苏州市海豚塑胶模具有限公司,苏州,塑胶成型、模具制造,付费会员,其他,否,是,2,2,3,3,成本报价,否,,否,,普通使用用户,回流、成本报价,本周使用2天，2次会话，提问3条，上传图纸3个,回流用户回访，确认使用场景
2026-07-20 至 2026-07-26,2512381,东莞斯宝金属制品有限公司,东莞市,机加工,付费会员,经理/主管,是,否,1,2,3,3,成本报价,是,"客户需求量300套，表面处理做抛光，帮我报价材料是五级钛合金 [零件文件预处理上下文] 零件文件1：新6号介子.pdf 预处理结果：{""status"":""success"",""fileId"":""0c995947"",""fileName"":""haizol-part-4580548117",否,,普通使用用户,新使用、成本报价、有新需求,本周使用1天，2次会话，提问3条，上传图纸3个,记录需求并产品评估
2026-07-20 至 2026-07-26,1894425,嘉兴凯迪科技股份有限公司,嘉兴,塑胶成型、模具制造、机加工,付费会员,其他,是,否,2,2,3,2,成本报价,否,,否,,普通使用用户,新使用、成本报价,本周使用2天，2次会话，提问3条，上传图纸2个,新用户引导，推动二次使用
2026-07-20 至 2026-07-26,3016959,苏州万齐翔电子设备有限公司,苏州,机加工、模具制造,付费会员,经理/主管,是,否,1,2,3,2,工程技术,否,,否,,普通使用用户,新使用、工程技术,本周使用1天，2次会话，提问3条，上传图纸2个,新用户引导，推动二次使用
2026-07-20 至 2026-07-26,2605036,东莞市中图精密科技有限公司,镇江,机加工,付费会员,经理/主管,否,是,2,2,3,2,成本报价,否,,否,,普通使用用户,回流、成本报价,本周使用2天，2次会话，提问3条，上传图纸2个,回流用户回访，确认使用场景
2026-07-20 至 2026-07-26,3021817,中研复材（深圳）科技有限责任公司,深圳市,塑胶成型、机加工,付费会员,销售/业务,是,否,2,2,3,2,询盘机会,否,,否,,普通使用用户,新使用、询盘机会,本周使用2天，2次会话，提问3条，上传图纸2个,新用户引导，推动二次使用
2026-07-20 至 2026-07-26,2507838,宁波市鄞州宇桐机械制造有限公司,宁波,机加工、铸造、泵 阀 接头,付费会员,经理/主管,否,否,2,2,3,2,成本报价,否,,否,,普通使用用户,成本报价,本周使用2天，2次会话，提问3条，上传图纸2个,常规维护，持续观察
2026-07-20 至 2026-07-26,1888462,佛山市南海钰铭金属制品有限公司,佛山市,机加工、钣金、塑胶成型、表面处理,付费会员,经理/主管,否,是,1,2,3,2,询盘机会,否,,否,,普通使用用户,回流、询盘机会,本周使用1天，2次会话，提问3条，上传图纸2个,回流用户回访，确认使用场景
2026-07-20 至 2026-07-26,2658523,深圳市雄峰五金制品有限公司,东莞市,机加工、塑胶成型,付费会员,经理/主管,否,是,1,2,3,2,成本报价,否,,否,,普通使用用户,回流、成本报价,本周使用1天，2次会话，提问3条，上传图纸2个,回流用户回访，确认使用场景
2026-07-20 至 2026-07-26,2887811,汉利界电子科技（昆山）有限公司,昆山,机加工、模具制造,付费会员,经理/主管,是,否,1,2,3,1,成本报价,否,,否,,普通使用用户,新使用、成本报价,本周使用1天，2次会话，提问3条，上传图纸1个,新用户引导，推动二次使用
2026-07-20 至 2026-07-26,1897667,太仓久益精密机械有限公司,上海,机加工、CNC铣削或铣削加工、车削、走心机/自动车、紧固件&五金件,付费会员,经理/主管,是,否,1,2,3,1,询盘机会,否,,否,,普通使用用户,新使用、询盘机会,本周使用1天，2次会话，提问3条，上传图纸1个,新用户引导，推动二次使用
2026-07-20 至 2026-07-26,2720216,上海易淼金属电器制品有限公司,上海,钣金、冲压,付费会员,销售/业务,是,否,1,2,3,1,成本报价,否,,否,,普通使用用户,新使用、成本报价,本周使用1天，2次会话，提问3条，上传图纸1个,新用户引导，推动二次使用
2026-07-20 至 2026-07-26,2986052,宁波李氏实业有限公司,宁波,机加工、粉末冶金、铸造、钣金、模具制造,付费会员,销售/业务,是,否,1,2,3,1,询盘机会,否,,否,,普通使用用户,新使用、询盘机会,本周使用1天，2次会话，提问3条，上传图纸1个,新用户引导，推动二次使用
2026-07-20 至 2026-07-26,2647279,上海港驭科技有限公司,上海,钣金,付费会员,经理/主管,是,否,1,2,3,0,询盘机会,否,,否,,普通使用用户,新使用、询盘机会,本周使用1天，2次会话，提问3条，上传图纸0个,新用户引导，推动二次使用
2026-07-20 至 2026-07-26,2664064,西安隆海电子机械有限公司,西安市,机加工,付费会员,经理/主管,否,是,2,2,3,0,工程技术,否,,是,1、SUS304原材料价格较高，是之前我们所用SUM24L价格的4倍以上； 2、SUM24L属于易车铁材质，属于易车削状态，便于加工，而SUS304属于不锈钢材料，难加工。 3、管子开槽0.2加工速度慢，因原材料是304不锈钢，锯片强度不够，容易崩刀且加工后毛刺过大， 加工过程中,普通使用用户,回流、工程技术、需问题跟进,本周使用2天，2次会话，提问3条，上传图纸0个,优先排查问题并回访
2026-07-20 至 2026-07-26,2666862,太仓市飞旺塑料五金厂,太仓,塑胶成型、表面处理、模具制造,付费会员,其他,否,是,1,2,3,0,询盘机会,否,,否,,普通使用用户,回流、询盘机会,本周使用1天，2次会话，提问3条，上传图纸0个,回流用户回访，确认使用场景
2026-07-20 至 2026-07-26,3015890,久和五金制品（太仓）有限公司,太仓,机加工,付费会员,销售/业务,否,是,1,2,3,0,询盘机会,否,,否,,普通使用用户,回流、询盘机会,本周使用1天，2次会话，提问3条，上传图纸0个,回流用户回访，确认使用场景
2026-07-20 至 2026-07-26,2308965,青岛三和机电部件有限公司,青岛市,塑胶成型、机加工、钣金,付费会员,经理/主管,是,否,1,1,3,8,成本报价,否,,否,,活跃用户,新使用、成本报价,本周使用1天，1次会话，提问3条，上传图纸8个,新用户引导，推动二次使用
2026-07-20 至 2026-07-26,1656056,宁波奥伟模塑科技有限公司\宁海伟帆塑料模具有限公司,宁波,机加工、塑胶成型、模具制造,付费会员,经理/主管,是,否,2,1,3,6,成本报价,否,,否,,活跃用户,新使用、成本报价,本周使用2天，1次会话，提问3条，上传图纸6个,新用户引导，推动二次使用
2026-07-20 至 2026-07-26,1930034,泊头市意兴隆金属制品有限公司,泊头市,铸造、机加工,付费会员,经理/主管,否,是,1,1,3,3,工程技术,否,,否,,低频尝鲜用户,回流、工程技术,本周使用1天，1次会话，提问3条，上传图纸3个,回流用户回访，确认使用场景
2026-07-20 至 2026-07-26,1861545,宁波市锐达模具有限公司,宁波,铸造、模具制造、机加工,付费会员,经理/主管,是,否,1,1,3,2,工程技术,否,,否,,低频尝鲜用户,新使用、工程技术,本周使用1天，1次会话，提问3条，上传图纸2个,新用户引导，推动二次使用
2026-07-20 至 2026-07-26,2871611,郑州沄锴精密机械有限公司,,机加工、铸造、钣金、冲压、塑胶成型,付费会员,其他,否,是,1,1,3,2,成本报价,是,"该材料为 FCB——易切削黄铜（IS-319 1级）。 无需电镀，仅需机械加工、去应力及磁力抛光。 款黄铜连接件，月需求量为 100,000 件。请帮我核算 成本 [零件文件预处理上下文] 零件文件1：CONNECTOR 3 Drawing.pdf 预处理结果：{""status""",否,,低频尝鲜用户,回流、成本报价、有新需求,本周使用1天，1次会话，提问3条，上传图纸2个,记录需求并产品评估
2026-07-20 至 2026-07-26,2973405,余姚市泽宇管阀锻压制造有限公司/余姚市互通联接件有限公司,余姚市,锻造、机加工,付费会员,销售/业务,是,否,1,1,3,1,成本报价,否,,否,,低频尝鲜用户,新使用、成本报价,本周使用1天，1次会话，提问3条，上传图纸1个,新用户引导，推动二次使用
2026-07-20 至 2026-07-26,2971319,杭州奥锐普精密智造有限公司,杭州,冲压、钣金,付费会员,经理/主管,否,否,1,1,3,1,成本报价,否,,否,,低频尝鲜用户,成本报价,本周使用1天，1次会话，提问3条，上传图纸1个,常规维护，持续观察
2026-07-20 至 2026-07-26,2221554,永嘉县超祥机械有限公司,温州,机加工、钣金,付费会员,经理/主管,是,否,1,1,3,1,成本报价,否,,否,,低频尝鲜用户,新使用、成本报价,本周使用1天，1次会话，提问3条，上传图纸1个,新用户引导，推动二次使用
2026-07-20 至 2026-07-26,3035586,亘高智造（苏州）工业装备有限公司,苏州,其他、机加工,付费会员,销售/业务,否,是,1,1,3,1,成本报价,否,,否,,低频尝鲜用户,回流、成本报价,本周使用1天，1次会话，提问3条，上传图纸1个,回流用户回访，确认使用场景
2026-07-20 至 2026-07-26,2861903,金华市制达五金有限公司,金华,机加工、弹簧与线成型、冲压、扭簧、卷簧、拉伸弹簧、线成型、压缩弹簧、其它、普通冲压、塑胶成型、钣金,付费会员,销售/业务,否,否,1,1,3,0,询盘机会,否,,否,,低频尝鲜用户,询盘机会,本周使用1天，1次会话，提问3条，上传图纸0个,常规维护，持续观察
2026-07-20 至 2026-07-26,1715528,苏州元和轴承有限公司,苏州,冲压、机加工,付费会员,经理/主管,是,否,1,1,3,0,询盘机会,否,,否,,低频尝鲜用户,新使用、询盘机会,本周使用1天，1次会话，提问3条，上传图纸0个,新用户引导，推动二次使用
2026-07-20 至 2026-07-26,2525833,深圳市晟昌源精密制造有限公司,深圳市,机加工、钣金,付费会员,经理/主管,是,否,1,1,3,0,询盘机会,是,针对10万件大批量订单，有哪些降低单位成本的生产建议？,否,,低频尝鲜用户,新使用、询盘机会、有新需求,本周使用1天，1次会话，提问3条，上传图纸0个,记录需求并产品评估
2026-07-20 至 2026-07-26,2879255,昆山振坤宁电子有限公司,昆山,机加工、钣金,付费会员,经理/主管,是,否,1,1,3,0,询盘机会,否,,否,,低频尝鲜用户,新使用、询盘机会,本周使用1天，1次会话，提问3条，上传图纸0个,新用户引导，推动二次使用
2026-07-20 至 2026-07-26,3043890,太仓普瑞曼精密制造有限公司,太仓,机加工,付费会员,经理/主管,是,否,2,2,2,4,成本报价,否,,否,,普通使用用户,新使用、成本报价,本周使用2天，2次会话，提问2条，上传图纸4个,新用户引导，推动二次使用
2026-07-20 至 2026-07-26,1639662,苏州铂钻精工科技有限公司,苏州,机加工、紧固件&五金件、钣金、表面处理,付费会员,销售/业务,否,是,2,2,2,3,成本报价,否,,否,,普通使用用户,回流、成本报价,本周使用2天，2次会话，提问2条，上传图纸3个,回流用户回访，确认使用场景
2026-07-20 至 2026-07-26,2067165,福鼎市创新动力设备有限公司,福鼎市,机加工、铸造、冲压,付费会员,销售/业务,是,否,1,2,2,3,工程技术,否,,否,,普通使用用户,新使用、工程技术,本周使用1天，2次会话，提问2条，上传图纸3个,新用户引导，推动二次使用
2026-07-20 至 2026-07-26,2886620,台州市黄岩东广模塑有限公司,台州,模具制造、塑胶成型,付费会员,经理/主管,是,否,1,2,2,2,成本报价,否,,否,,普通使用用户,新使用、成本报价,本周使用1天，2次会话，提问2条，上传图纸2个,新用户引导，推动二次使用
2026-07-20 至 2026-07-26,1743015,余姚市常红机械有限公司,宁波,机加工、塑胶成型,付费会员,经理/主管,否,是,1,2,2,2,工程技术,否,,否,,普通使用用户,回流、工程技术,本周使用1天，2次会话，提问2条，上传图纸2个,回流用户回访，确认使用场景
2026-07-20 至 2026-07-26,2268182,宁波市博颖金属制品有限公司,宁波,机加工、钣金,付费会员,经理/主管,否,是,1,2,2,2,成本报价,否,,否,,普通使用用户,回流、成本报价,本周使用1天，2次会话，提问2条，上传图纸2个,回流用户回访，确认使用场景
2026-07-20 至 2026-07-26,2499982,常州贺星毅机械制造有限公司,常州,机加工,付费会员,经理/主管,是,否,1,2,2,2,成本报价,否,,否,,普通使用用户,新使用、成本报价,本周使用1天，2次会话，提问2条，上传图纸2个,新用户引导，推动二次使用
2026-07-20 至 2026-07-26,2167152,乐清市荣耀机械制造有限公司,温州,机加工、铸造、紧固件&五金件,付费会员,经理/主管,否,否,1,2,2,2,成本报价,否,,否,,普通使用用户,成本报价,本周使用1天，2次会话，提问2条，上传图纸2个,常规维护，持续观察
2026-07-20 至 2026-07-26,2980161,玉环三平机械有限公司,玉环市,机加工,付费会员,经理/主管,否,否,2,2,2,2,成本报价,否,,否,,普通使用用户,成本报价,本周使用2天，2次会话，提问2条，上传图纸2个,常规维护，持续观察
2026-07-20 至 2026-07-26,1852389,昆山众瑞电子有限公司,昆山,机加工,付费会员,高管/负责人,是,否,1,2,2,2,成本报价,否,,否,,普通使用用户,新使用、成本报价,本周使用1天，2次会话，提问2条，上传图纸2个,新用户引导，推动二次使用
2026-07-20 至 2026-07-26,1202942,浙江圣钢科技发展有限责任公司,台州,铸造、锻造、泵 阀 接头、机加工、紧固件&五金件,付费会员,销售/业务,否,是,1,2,2,2,成本报价,否,,否,,普通使用用户,回流、成本报价,本周使用1天，2次会话，提问2条，上传图纸2个,回流用户回访，确认使用场景
2026-07-20 至 2026-07-26,3046390,上海临港新兴产业企业服务有限公司,上海,机加工,免费/非会员,未填写,是,否,1,2,2,2,工程技术,否,,否,,普通使用用户,新使用、工程技术,本周使用1天，2次会话，提问2条，上传图纸2个,新用户引导，推动二次使用
2026-07-20 至 2026-07-26,2985575,东莞市烽晟五金塑胶制品有限公司,东莞市,冲压、机加工,付费会员,经理/主管,否,是,1,2,2,2,成本报价,否,,否,,普通使用用户,回流、成本报价,本周使用1天，2次会话，提问2条，上传图纸2个,回流用户回访，确认使用场景
2026-07-20 至 2026-07-26,1642193,无锡海法工业测控设备有限公司,无锡,机加工、钣金、塑胶成型、装配,付费会员,工程/技术,是,否,1,2,2,2,工程技术,否,,否,,普通使用用户,新使用、工程技术,本周使用1天，2次会话，提问2条，上传图纸2个,新用户引导，推动二次使用
2026-07-20 至 2026-07-26,2886951,江西伟隆科技有限公司,抚州市,钣金,付费会员,经理/主管,是,否,1,2,2,1,成本报价,否,,否,,普通使用用户,新使用、成本报价,本周使用1天，2次会话，提问2条，上传图纸1个,新用户引导，推动二次使用
2026-07-20 至 2026-07-26,1796519,宁国市展鹏金属制品有限公司,宣城市,机加工、冲压,付费会员,经理/主管,否,否,1,2,2,1,工程技术,否,,否,,普通使用用户,工程技术,本周使用1天，2次会话，提问2条，上传图纸1个,常规维护，持续观察
2026-07-20 至 2026-07-26,2954832,太仓雅沃汽车科技有限公司,苏州,塑胶成型、模具制造,付费会员,经理/主管,是,否,1,2,2,1,工程技术,否,,否,,普通使用用户,新使用、工程技术,本周使用1天，2次会话，提问2条，上传图纸1个,新用户引导，推动二次使用
2026-07-20 至 2026-07-26,2460589,佛山市德沣厨卫科技有限公司,佛山市,机加工、铸造、钣金、表面处理,付费会员,销售/业务,否,否,2,2,2,1,工程技术,否,,否,,普通使用用户,工程技术,本周使用2天，2次会话，提问2条，上传图纸1个,常规维护，持续观察
2026-07-20 至 2026-07-26,2963781,上海斌飞工贸有限公司,上海,钣金、机加工,付费会员,经理/主管,是,否,1,2,2,1,成本报价,否,,否,,普通使用用户,新使用、成本报价,本周使用1天，2次会话，提问2条，上传图纸1个,新用户引导，推动二次使用
2026-07-20 至 2026-07-26,2878508,昆山冠世益电子科技有限公司,昆山,塑胶成型、机加工、模具制造、电气产品,付费会员,经理/主管,否,否,1,2,2,1,成本报价,否,,否,,普通使用用户,成本报价,本周使用1天，2次会话，提问2条，上传图纸1个,常规维护，持续观察
2026-07-20 至 2026-07-26,1826786,温州市贝瑞德精密金属有限公司,温州,机加工、锻造、钣金,付费会员,未填写,是,否,1,2,2,1,成本报价,否,,否,,普通使用用户,新使用、成本报价,本周使用1天，2次会话，提问2条，上传图纸1个,新用户引导，推动二次使用
2026-07-20 至 2026-07-26,2637159,临海市峰雷塑业有限公司,台州,塑胶成型、模具制造,付费会员,高管/负责人,是,否,1,2,2,1,成本报价,否,,否,,普通使用用户,新使用、成本报价,本周使用1天，2次会话，提问2条，上传图纸1个,新用户引导，推动二次使用
2026-07-20 至 2026-07-26,2486592,苏州精展模具科技有限公司,苏州,塑胶成型、模具制造、装配、机加工,付费会员,经理/主管,是,否,1,2,2,1,成本报价,否,,否,,普通使用用户,新使用、成本报价,本周使用1天，2次会话，提问2条，上传图纸1个,新用户引导，推动二次使用
2026-07-20 至 2026-07-26,2537561,广东鼎泰机器人科技有限公司,东莞市,机加工、冲压、钣金,付费会员,销售/业务,是,否,1,2,2,1,成本报价,否,,否,,普通使用用户,新使用、成本报价,本周使用1天，2次会话，提问2条，上传图纸1个,新用户引导，推动二次使用
2026-07-20 至 2026-07-26,2972029,嘉善永溢达精密五金有限公司,嘉兴,冲压、机加工,付费会员,经理/主管,是,否,2,2,2,0,询盘机会,否,,否,,普通使用用户,新使用、询盘机会,本周使用2天，2次会话，提问2条，上传图纸0个,新用户引导，推动二次使用
2026-07-20 至 2026-07-26,2856122,南通赛加谊精密科技有限公司,南通,塑胶成型、机加工、模具制造,付费会员,经理/主管,是,否,1,2,2,0,询盘机会,否,,否,,普通使用用户,新使用、询盘机会,本周使用1天，2次会话，提问2条，上传图纸0个,新用户引导，推动二次使用
2026-07-20 至 2026-07-26,2158741,昆山富宸威精密机械有限公司,苏州,机加工、模具制造,付费会员,其他,是,否,1,2,2,0,询盘机会,否,,否,,普通使用用户,新使用、询盘机会,本周使用1天，2次会话，提问2条，上传图纸0个,新用户引导，推动二次使用
2026-07-20 至 2026-07-26,2468685,宁波云赫机械科技有限公司,宁波,机加工、紧固件&五金件、钣金,付费会员,经理/主管,是,否,1,2,2,0,询盘机会,否,,否,,普通使用用户,新使用、询盘机会,本周使用1天，2次会话，提问2条，上传图纸0个,新用户引导，推动二次使用
2026-07-20 至 2026-07-26,3026430,桂林大为科技发展有限公司,广西桂林市,机加工、塑胶成型,付费会员,经理/主管,是,否,1,2,2,0,询盘机会,否,,否,,普通使用用户,新使用、询盘机会,本周使用1天，2次会话，提问2条，上传图纸0个,新用户引导，推动二次使用
2026-07-20 至 2026-07-26,2458300,苏州道尚机械制造有限公司,苏州,机加工,付费会员,经理/主管,是,否,1,2,2,0,询盘机会,否,,否,,普通使用用户,新使用、询盘机会,本周使用1天，2次会话，提问2条，上传图纸0个,新用户引导，推动二次使用
2026-07-20 至 2026-07-26,2285371,太仓宝萌金属制品有限公司/上海宝萌金属制品有限公司,太仓,机加工、紧固件&五金件,付费会员,高管/负责人,是,否,1,2,2,0,询盘机会,否,,否,,普通使用用户,新使用、询盘机会,本周使用1天，2次会话，提问2条，上传图纸0个,新用户引导，推动二次使用
2026-07-20 至 2026-07-26,1409967,沧州龙兴五金制造有限公司,沧州,机加工、冲压,付费会员,经理/主管,是,否,1,2,2,0,询盘机会,否,,否,,普通使用用户,新使用、询盘机会,本周使用1天，2次会话，提问2条，上传图纸0个,新用户引导，推动二次使用
2026-07-20 至 2026-07-26,3016936,慈溪市全成五金配件有限公司,慈溪市,机加工、紧固件&五金件、锻造、轴承,付费会员,经理/主管,否,否,1,1,2,3,工程技术,否,,否,,低频尝鲜用户,工程技术,本周使用1天，1次会话，提问2条，上传图纸3个,常规维护，持续观察
2026-07-20 至 2026-07-26,2755492,宁波守鑫精工科技有限公司,宁波,机加工、钣金,付费会员,经理/主管,否,否,1,1,2,3,成本报价,否,,否,,低频尝鲜用户,成本报价,本周使用1天，1次会话，提问2条，上传图纸3个,常规维护，持续观察
2026-07-20 至 2026-07-26,2867520,宁波安坤斯科技有限公司,宁波,机加工、锻造,付费会员,经理/主管,否,是,1,1,2,2,工程技术,否,,否,,低频尝鲜用户,回流、工程技术,本周使用1天，1次会话，提问2条，上传图纸2个,回流用户回访，确认使用场景
2026-07-20 至 2026-07-26,2273780,南通德旺电子有限公司/南通泰芯纺织器材有限公司,南通,塑胶成型、模具制造、冲压,付费会员,经理/主管,否,是,1,1,2,2,成本报价,否,,否,,低频尝鲜用户,回流、成本报价,本周使用1天，1次会话，提问2条，上传图纸2个,回流用户回访，确认使用场景
2026-07-20 至 2026-07-26,2761676,上海汤山电子有限公司,上海,机加工、钣金、装配、表面处理,付费会员,销售/业务,是,否,1,1,2,2,成本报价,否,,否,,低频尝鲜用户,新使用、成本报价,本周使用1天，1次会话，提问2条，上传图纸2个,新用户引导，推动二次使用
2026-07-20 至 2026-07-26,2659394,上海奉凤机械设备有限公司,上海,钣金,付费会员,其他,是,否,1,1,2,1,询盘机会,否,,否,,低频尝鲜用户,新使用、询盘机会,本周使用1天，1次会话，提问2条，上传图纸1个,新用户引导，推动二次使用
2026-07-20 至 2026-07-26,2866910,南皮县融顺金属制品厂（个体工商户）,沧州市,钣金、冲压,付费会员,经理/主管,否,是,1,1,2,1,成本报价,否,,否,,低频尝鲜用户,回流、成本报价,本周使用1天，1次会话，提问2条，上传图纸1个,回流用户回访，确认使用场景
2026-07-20 至 2026-07-26,2166155,深圳市三洪科技有限公司,深圳市,机加工,付费会员,经理/主管,否,是,1,1,2,1,成本报价,否,,否,,低频尝鲜用户,回流、成本报价,本周使用1天，1次会话，提问2条，上传图纸1个,回流用户回访，确认使用场景
2026-07-20 至 2026-07-26,2979858,宁波市海曙腾兴电器厂,,塑胶成型、冲压、机加工,付费会员,未填写,是,否,1,1,2,1,询盘机会,是,如何优化工厂档案以提高询盘匹配度？,否,,低频尝鲜用户,新使用、询盘机会、有新需求,本周使用1天，1次会话，提问2条，上传图纸1个,记录需求并产品评估
2026-07-20 至 2026-07-26,3021376,宁波市奉化区晋昇电子科技有限公司,宁波,塑胶成型、机加工、模具制造,付费会员,经理/主管,否,是,1,1,2,1,成本报价,否,,否,,低频尝鲜用户,回流、成本报价,本周使用1天，1次会话，提问2条，上传图纸1个,回流用户回访，确认使用场景
2026-07-20 至 2026-07-26,2573263,成都吉木泰科技有限公司,成都市,机加工、钣金,付费会员,经理/主管,否,否,1,1,2,1,成本报价,否,,否,,低频尝鲜用户,成本报价,本周使用1天，1次会话，提问2条，上传图纸1个,常规维护，持续观察
2026-07-20 至 2026-07-26,2999034,大连施奈莱克创新汽车零部件有限公司,大连市,冲压,免费/非会员,未填写,是,否,1,1,2,1,成本报价,否,,否,,低频尝鲜用户,新使用、成本报价,本周使用1天，1次会话，提问2条，上传图纸1个,新用户引导，推动二次使用
2026-07-20 至 2026-07-26,1715561,苏州杰盛五金制品有限公司,苏州,冲压、钣金、模具制造,付费会员,销售/业务,否,是,1,1,2,1,成本报价,否,,否,,低频尝鲜用户,回流、成本报价,本周使用1天，1次会话，提问2条，上传图纸1个,回流用户回访，确认使用场景
2026-07-20 至 2026-07-26,2826407,温州旭泰工贸有限公司,,塑胶成型、模具制造,付费会员,经理/主管,否,是,1,1,2,1,成本报价,否,,否,,低频尝鲜用户,回流、成本报价,本周使用1天，1次会话，提问2条，上传图纸1个,回流用户回访，确认使用场景
2026-07-20 至 2026-07-26,2444233,东莞市固来诺五金有限公司,东莞市,机加工,付费会员,经理/主管,否,是,1,1,2,1,成本报价,否,,否,,低频尝鲜用户,回流、成本报价,本周使用1天，1次会话，提问2条，上传图纸1个,回流用户回访，确认使用场景
2026-07-20 至 2026-07-26,2835941,宁波天擎航天科技有限公司,,机加工、热处理、模具制造、冲压、泵 阀 接头,免费/非会员,其他,否,否,1,1,2,1,工程技术,否,,否,,低频尝鲜用户,工程技术,本周使用1天，1次会话，提问2条，上传图纸1个,常规维护，持续观察
2026-07-20 至 2026-07-26,2647118,宁波双喆特种塑料制品有限公司,余姚市,塑胶成型、冲压,付费会员,未填写,否,是,1,1,2,1,成本报价,否,,否,,低频尝鲜用户,回流、成本报价,本周使用1天，1次会话，提问2条，上传图纸1个,回流用户回访，确认使用场景
2026-07-20 至 2026-07-26,2459750,沧州昌运机械制造有限公司/青县振昌机械加工厂,沧州市,机加工、钣金,付费会员,经理/主管,是,否,1,1,2,0,询盘机会,否,,否,,低频尝鲜用户,新使用、询盘机会,本周使用1天，1次会话，提问2条，上传图纸0个,新用户引导，推动二次使用
2026-07-20 至 2026-07-26,3030136,东莞市熠通五金制品有限公司,东莞市,机加工、钣金、冲压、表面处理,付费会员,销售/业务,否,是,1,1,2,0,询盘机会,否,,否,,低频尝鲜用户,回流、询盘机会,本周使用1天，1次会话，提问2条，上传图纸0个,回流用户回访，确认使用场景
2026-07-20 至 2026-07-26,2997856,上海依亿博科技有限公司,上海,表面处理、钣金、冲压,付费会员,经理/主管,否,是,1,1,2,0,贸易合规,是,因为我们这边没有收到具体产品的光泽度要求，粉末涂层的光泽度是会随着烘烤时间和温度而变化，时间越短，温度越低，粉末涂层的亮度就会越高，反之就会遍暗。打样时因为工件的数量不多，我们是在小流水线做的，速度较快，烘烤的时间较短，所以烘烤出来的工件比较亮。这批小批量试产数量有2Kpcs，我,否,,低频尝鲜用户,回流、贸易合规、有新需求,本周使用1天，1次会话，提问2条，上传图纸0个,记录需求并产品评估
2026-07-20 至 2026-07-26,1894833,宁波市佳利来机械制造有限公司,宁波,铸造、塑胶成型、机加工、模具制造,付费会员,销售/业务,是,否,1,1,2,0,询盘机会,否,,否,,低频尝鲜用户,新使用、询盘机会,本周使用1天，1次会话，提问2条，上传图纸0个,新用户引导，推动二次使用
2026-07-20 至 2026-07-26,2858202,上海锐途机械设备有限公司,上海,机加工、铸造、钣金,付费会员,经理/主管,是,否,1,1,2,0,询盘机会,否,,否,,低频尝鲜用户,新使用、询盘机会,本周使用1天，1次会话，提问2条，上传图纸0个,新用户引导，推动二次使用
2026-07-20 至 2026-07-26,2739295,杭州东开金属制品有限公司,杭州,钣金,付费会员,销售/业务,是,否,1,1,2,0,询盘机会,否,,否,,低频尝鲜用户,新使用、询盘机会,本周使用1天，1次会话，提问2条，上传图纸0个,新用户引导，推动二次使用
2026-07-20 至 2026-07-26,2310799,苏州展田精密机电有限公司,苏州,机加工、铸造、紧固件&五金件、冲压,付费会员,销售/业务,是,否,1,1,2,0,询盘机会,否,,否,,低频尝鲜用户,新使用、询盘机会,本周使用1天，1次会话，提问2条，上传图纸0个,新用户引导，推动二次使用
2026-07-20 至 2026-07-26,2933406,宁波东塑塑业有限公司,宁波,塑胶成型、机加工,付费会员,经理/主管,否,否,1,1,2,0,工程技术,否,,否,,低频尝鲜用户,工程技术,本周使用1天，1次会话，提问2条，上传图纸0个,常规维护，持续观察
2026-07-20 至 2026-07-26,2633716,保定市鹏宬五金制品有限公司,保定市,铸造,付费会员,经理/主管,是,否,1,1,2,0,询盘机会,否,,否,,低频尝鲜用户,新使用、询盘机会,本周使用1天，1次会话，提问2条，上传图纸0个,新用户引导，推动二次使用
2026-07-20 至 2026-07-26,2005271,深圳市杰群精密制造有限公司,深圳市,机加工、铸造、模具制造,付费会员,经理/主管,是,否,1,1,2,0,询盘机会,否,,否,,低频尝鲜用户,新使用、询盘机会,本周使用1天，1次会话，提问2条，上传图纸0个,新用户引导，推动二次使用
2026-07-20 至 2026-07-26,2227413,杭州萧山百航模具有限公司,杭州,冲压,付费会员,经理/主管,是,否,1,1,2,0,询盘机会,否,,否,,低频尝鲜用户,新使用、询盘机会,本周使用1天，1次会话，提问2条，上传图纸0个,新用户引导，推动二次使用
2026-07-20 至 2026-07-26,1400511,温州奕泰标准件有限公司,温州,机加工、锻造,付费会员,经理/主管,是,否,1,1,2,0,询盘机会,否,,否,,低频尝鲜用户,新使用、询盘机会,本周使用1天，1次会话，提问2条，上传图纸0个,新用户引导，推动二次使用
2026-07-20 至 2026-07-26,1892107,兰溪聚力智能装备有限公司,金华,机加工、锻造,付费会员,经理/主管,是,否,1,1,2,0,询盘机会,否,,否,,低频尝鲜用户,新使用、询盘机会,本周使用1天，1次会话，提问2条，上传图纸0个,新用户引导，推动二次使用
2026-07-20 至 2026-07-26,2985885,上海润同塑料模具有限公司,上海,塑胶成型、模具制造,付费会员,高管/负责人,是,否,1,1,1,11,成本报价,否,,否,,活跃用户,新使用、图纸大户、成本报价,本周使用1天，1次会话，提问1条，上传图纸11个,新用户引导，推动二次使用
2026-07-20 至 2026-07-26,2588158,赣州深科上品科技有限公司,赣州市,冲压、钣金、机加工,付费会员,销售/业务,否,是,1,1,1,3,成本报价,否,,否,,低频尝鲜用户,回流、成本报价,本周使用1天，1次会话，提问1条，上传图纸3个,回流用户回访，确认使用场景
2026-07-20 至 2026-07-26,2545705,昆山庆锋圆精密模具有限公司,昆山,机加工、模具制造,付费会员,经理/主管,是,否,1,1,1,2,成本报价,否,,否,,低频尝鲜用户,新使用、成本报价,本周使用1天，1次会话，提问1条，上传图纸2个,新用户引导，推动二次使用
2026-07-20 至 2026-07-26,2971702,余姚市铭德自动化设备有限公司,宁波,机加工、铸造,付费会员,经理/主管,否,否,1,1,1,2,成本报价,否,,否,,低频尝鲜用户,成本报价,本周使用1天，1次会话，提问1条，上传图纸2个,常规维护，持续观察
2026-07-20 至 2026-07-26,1889949,昆山互协精密模具有限公司,苏州,塑胶成型、模具制造,付费会员,其他,否,否,1,1,1,2,成本报价,否,,否,,低频尝鲜用户,成本报价,本周使用1天，1次会话，提问1条，上传图纸2个,常规维护，持续观察
2026-07-20 至 2026-07-26,2095755,广州市晟阳金属制品有限公司,广州市,冲压、电气产品,付费会员,高管/负责人,否,否,1,1,1,1,成本报价,否,,否,,低频尝鲜用户,成本报价,本周使用1天，1次会话，提问1条，上传图纸1个,常规维护，持续观察
2026-07-20 至 2026-07-26,2445951,上海亨业精密五金制品有限公司,上海,紧固件&五金件、机加工,付费会员,经理/主管,否,否,1,1,1,1,成本报价,否,,否,,低频尝鲜用户,成本报价,本周使用1天，1次会话，提问1条，上传图纸1个,常规维护，持续观察
2026-07-20 至 2026-07-26,1860821,苏州胜丽兴科技有限公司,苏州,机加工、钣金,付费会员,经理/主管,否,是,1,1,1,1,成本报价,否,,否,,低频尝鲜用户,回流、成本报价,本周使用1天，1次会话，提问1条，上传图纸1个,回流用户回访，确认使用场景
2026-07-20 至 2026-07-26,1927567,浙江三泰精密五金有限公司,海盐,紧固件&五金件、机加工、冲压、铸造、锻造,付费会员,经理/主管,否,是,1,1,1,1,成本报价,否,,否,,低频尝鲜用户,回流、成本报价,本周使用1天，1次会话，提问1条，上传图纸1个,回流用户回访，确认使用场景
2026-07-20 至 2026-07-26,2965396,中山市厉索精密科技有限公司,中山市,机加工,付费会员,高管/负责人,否,是,1,1,1,1,成本报价,否,,否,,低频尝鲜用户,回流、成本报价,本周使用1天，1次会话，提问1条，上传图纸1个,回流用户回访，确认使用场景
2026-07-20 至 2026-07-26,3050895,深圳市博磊科技有限公司,,铸造、机加工、其他,免费/非会员,未填写,是,否,1,1,1,1,成本报价,否,,否,,低频尝鲜用户,新使用、成本报价,本周使用1天，1次会话，提问1条，上传图纸1个,新用户引导，推动二次使用
2026-07-20 至 2026-07-26,2930876,吴江市马龙纺织机械厂,苏州,机加工、塑胶成型,付费会员,经理/主管,是,否,1,1,1,1,成本报价,否,,否,,低频尝鲜用户,新使用、成本报价,本周使用1天，1次会话，提问1条，上传图纸1个,新用户引导，推动二次使用
2026-07-20 至 2026-07-26,2034811,中能兴盛(香河)半导体精密制造有限公司,廊坊市,机加工、钣金,付费会员,经理/主管,否,是,1,1,1,1,成本报价,否,,否,,低频尝鲜用户,回流、成本报价,本周使用1天，1次会话，提问1条，上传图纸1个,回流用户回访，确认使用场景
2026-07-20 至 2026-07-26,1277918,江门市乐道高科有限公司,中山市,机加工,付费会员,销售/业务,否,是,1,1,1,1,成本报价,否,,否,,低频尝鲜用户,回流、成本报价,本周使用1天，1次会话，提问1条，上传图纸1个,回流用户回访，确认使用场景
2026-07-20 至 2026-07-26,1831324,深圳市联成兴自动化设备有限公司,深圳市,机加工,付费会员,经理/主管,是,否,1,1,1,1,工程技术,否,,否,,低频尝鲜用户,新使用、工程技术,本周使用1天，1次会话，提问1条，上传图纸1个,新用户引导，推动二次使用
2026-07-20 至 2026-07-26,2352144,海安飞宇机械有限公司,海安市,钣金、机加工、铸造、表面处理,付费会员,经理/主管,是,否,1,1,1,1,工程技术,否,,否,,低频尝鲜用户,新使用、工程技术,本周使用1天，1次会话，提问1条，上传图纸1个,新用户引导，推动二次使用
2026-07-20 至 2026-07-26,1783247,苏州智亚信机械有限公司,苏州,钣金、机加工,付费会员,经理/主管,否,是,1,1,1,1,成本报价,否,,否,,低频尝鲜用户,回流、成本报价,本周使用1天，1次会话，提问1条，上传图纸1个,回流用户回访，确认使用场景
2026-07-20 至 2026-07-26,2514683,惠州市信言精密五金制品有限公司,惠州市,机加工,付费会员,经理/主管,否,否,1,1,1,1,成本报价,否,,否,,低频尝鲜用户,成本报价,本周使用1天，1次会话，提问1条，上传图纸1个,常规维护，持续观察
2026-07-20 至 2026-07-26,2958550,沧州市恒义微电子有限公司,沧州市,冲压、钣金,付费会员,销售/业务,否,是,1,1,1,1,成本报价,否,,否,,低频尝鲜用户,回流、成本报价,本周使用1天，1次会话，提问1条，上传图纸1个,回流用户回访，确认使用场景
2026-07-20 至 2026-07-26,3016962,广东金石雷佳增材技术有限公司,惠州市,机加工、快速原型,付费会员,高管/负责人,否,否,1,1,1,1,成本报价,否,,否,,低频尝鲜用户,成本报价,本周使用1天，1次会话，提问1条，上传图纸1个,常规维护，持续观察
2026-07-20 至 2026-07-26,2541420,东莞市欣威五金科技有限公司/东莞市新泓宇五金科技有限公司,东莞市,机加工、冲压,付费会员,经理/主管,是,否,1,1,1,1,成本报价,否,,否,,低频尝鲜用户,新使用、成本报价,本周使用1天，1次会话，提问1条，上传图纸1个,新用户引导，推动二次使用
2026-07-20 至 2026-07-26,2878356,南通工特机械有限公司,南通,机加工、钣金,付费会员,经理/主管,是,否,1,1,1,1,工程技术,否,,否,,低频尝鲜用户,新使用、工程技术,本周使用1天，1次会话，提问1条，上传图纸1个,新用户引导，推动二次使用
2026-07-20 至 2026-07-26,2047003,宁波宝程机械有限公司/ 宁波精翔机电科技有限公司,宁波,机加工、铸造、锻造,付费会员,经理/主管,否,否,1,1,1,1,成本报价,否,,否,,低频尝鲜用户,成本报价,本周使用1天，1次会话，提问1条，上传图纸1个,常规维护，持续观察
2026-07-20 至 2026-07-26,1840451,苏州金振科金属制品有限公司,苏州,铸造、机加工,付费会员,经理/主管,是,否,1,1,1,1,成本报价,否,,否,,低频尝鲜用户,新使用、成本报价,本周使用1天，1次会话，提问1条，上传图纸1个,新用户引导，推动二次使用
2026-07-20 至 2026-07-26,2520079,东莞市华亿智控科技有限公司,东莞市,机加工、钣金,付费会员,经理/主管,否,是,1,1,1,1,工程技术,否,,否,,低频尝鲜用户,回流、工程技术,本周使用1天，1次会话，提问1条，上传图纸1个,回流用户回访，确认使用场景
2026-07-20 至 2026-07-26,3034865,沧州昂威汽车配件有限公司,,冲压、钣金、模具制造,付费会员,经理/主管,否,否,1,1,1,1,成本报价,否,,否,,低频尝鲜用户,成本报价,本周使用1天，1次会话，提问1条，上传图纸1个,常规维护，持续观察
2026-07-20 至 2026-07-26,1639503,西安嘉瀚机电科技有限公司,西安,机加工、热处理、表面处理、铸造、挤出,付费会员,销售/业务,是,否,1,1,1,1,工程技术,否,,是,"帮我分析这个零件我们能做吗？不能做的点有哪些？ [零件文件预处理上下文] 零件文件1：D2024722_001_C01064406_Vandalism protection, assy, v2.pdf 预处理结果：{""status"":""success"",""fileId"":""6f4",低频尝鲜用户,新使用、工程技术、需问题跟进,本周使用1天，1次会话，提问1条，上传图纸1个,优先排查问题并回访
2026-07-20 至 2026-07-26,2449560,宁波万鑫盛博机械有限公司,,机加工、铸造、锻造,付费会员,经理/主管,是,否,1,1,1,1,成本报价,否,,否,,低频尝鲜用户,新使用、成本报价,本周使用1天，1次会话，提问1条，上传图纸1个,新用户引导，推动二次使用
2026-07-20 至 2026-07-26,2547318,苏州创智精密五金有限公司,苏州,机加工、钣金、冲压,付费会员,经理/主管,否,是,1,1,1,1,成本报价,否,,否,,低频尝鲜用户,回流、成本报价,本周使用1天，1次会话，提问1条，上传图纸1个,回流用户回访，确认使用场景
2026-07-20 至 2026-07-26,2520261,江苏昊东模塑有限公司,镇江,机加工、塑胶成型、钣金、快速原型,付费会员,销售/业务,否,否,1,1,1,1,成本报价,否,,否,,低频尝鲜用户,成本报价,本周使用1天，1次会话，提问1条，上传图纸1个,常规维护，持续观察
2026-07-20 至 2026-07-26,2993813,广州锦鑫机电设备有限公司,广州市,机加工、钣金,付费会员,高管/负责人,否,是,1,1,1,1,成本报价,否,,否,,低频尝鲜用户,回流、成本报价,本周使用1天，1次会话，提问1条，上传图纸1个,回流用户回访，确认使用场景
2026-07-20 至 2026-07-26,1854822,上海现想精密部件有限公司,上海,机加工,付费会员,经理/主管,是,否,1,1,1,1,工程技术,否,,否,,低频尝鲜用户,新使用、工程技术,本周使用1天，1次会话，提问1条，上传图纸1个,新用户引导，推动二次使用
2026-07-20 至 2026-07-26,2823906,扬州典达精密科技有限公司/扬州典迈精密科技有限公司,扬州,机加工,付费会员,经理/主管,是,否,1,1,1,1,成本报价,否,,否,,低频尝鲜用户,新使用、成本报价,本周使用1天，1次会话，提问1条，上传图纸1个,新用户引导，推动二次使用
2026-07-20 至 2026-07-26,2803933,昆山法黎鑫金属制品有限公司,苏州,表面处理、铸造、机加工,付费会员,经理/主管,否,否,1,1,1,1,成本报价,是,1.材料铝合金 2.单价 + 模具费 3.样品交期 + 量产交期 4.交付能达到的表面粗糙度/Ra值 客户年需求量12000件（1714套），请报价143套和1714套， 你帮我分析这个项目需要和客户沟通哪些问题，另外帮我报价,否,,低频尝鲜用户,成本报价、有新需求,本周使用1天，1次会话，提问1条，上传图纸1个,记录需求并产品评估
2026-07-20 至 2026-07-26,2865101,温州登锋金属科技有限公司,温州,钣金,付费会员,经理/主管,是,否,1,1,1,1,成本报价,否,,否,,低频尝鲜用户,新使用、成本报价,本周使用1天，1次会话，提问1条，上传图纸1个,新用户引导，推动二次使用
2026-07-20 至 2026-07-26,2925964,瑞安市睿屹五金有限公司/瑞安市桥梁弹簧夹头厂,温州,机加工,付费会员,经理/主管,否,是,1,1,1,1,工程技术,否,,否,,低频尝鲜用户,回流、工程技术,本周使用1天，1次会话，提问1条，上传图纸1个,回流用户回访，确认使用场景
2026-07-20 至 2026-07-26,2398473,龙泉市瑞启金属材料有限公司,丽水市,铸造、模具制造,付费会员,经理/主管,否,否,1,1,1,1,成本报价,否,,否,,低频尝鲜用户,成本报价,本周使用1天，1次会话，提问1条，上传图纸1个,常规维护，持续观察
2026-07-20 至 2026-07-26,1657343,宁波科诺自动门五金有限公司,宁波,铸造、冲压,付费会员,经理/主管,否,否,1,1,1,1,成本报价,否,,否,,低频尝鲜用户,成本报价,本周使用1天，1次会话，提问1条，上传图纸1个,常规维护，持续观察
2026-07-20 至 2026-07-26,1915979,杭州富阳新晟机械有限公司,杭州,钣金、冲压,付费会员,经理/主管,否,是,1,1,1,1,工程技术,否,,否,,低频尝鲜用户,回流、工程技术,本周使用1天，1次会话，提问1条，上传图纸1个,回流用户回访，确认使用场景
2026-07-20 至 2026-07-26,2317098,平湖市一鑫齿轮传动有限公司,平湖,机加工,付费会员,经理/主管,否,是,1,1,1,1,成本报价,否,,否,,低频尝鲜用户,回流、成本报价,本周使用1天，1次会话，提问1条，上传图纸1个,回流用户回访，确认使用场景
2026-07-20 至 2026-07-26,3029808,希克斯工业设备（苏州）有限公司,苏州,机加工、钣金,付费会员,销售/业务,否,是,1,1,1,1,成本报价,否,,否,,低频尝鲜用户,回流、成本报价,本周使用1天，1次会话，提问1条，上传图纸1个,回流用户回访，确认使用场景
2026-07-20 至 2026-07-26,2873536,东台市奥鸿金属制品厂（个体工商户）,东台市,机加工、钣金,付费会员,经理/主管,是,否,1,1,1,1,成本报价,否,,否,,低频尝鲜用户,新使用、成本报价,本周使用1天，1次会话，提问1条，上传图纸1个,新用户引导，推动二次使用
2026-07-20 至 2026-07-26,2971960,深圳市特嘉贸易有限公司,深圳市,机加工、塑胶成型,付费会员,经理/主管,否,否,1,1,1,1,成本报价,否,,否,,低频尝鲜用户,成本报价,本周使用1天，1次会话，提问1条，上传图纸1个,常规维护，持续观察
2026-07-20 至 2026-07-26,2459342,常州景之瑞照明科技有限公司,常州,钣金、冲压,付费会员,高管/负责人,否,是,1,1,1,1,成本报价,否,,否,,低频尝鲜用户,回流、成本报价,本周使用1天，1次会话，提问1条，上传图纸1个,回流用户回访，确认使用场景
2026-07-20 至 2026-07-26,2514370,宁波贻瑞机械制造有限公司,宁波,机加工、铸造、锻造,付费会员,经理/主管,是,否,1,1,1,1,成本报价,否,,否,,低频尝鲜用户,新使用、成本报价,本周使用1天，1次会话，提问1条，上传图纸1个,新用户引导，推动二次使用
2026-07-20 至 2026-07-26,3046060,苏州玛浩精密机械有限公司,,其他,免费/非会员,其他,是,否,1,1,1,0,询盘机会,否,,否,,低频尝鲜用户,新使用、询盘机会,本周使用1天，1次会话，提问1条，上传图纸0个,新用户引导，推动二次使用
2026-07-20 至 2026-07-26,1646433,常州永之源机械配件有限公司,常州,塑胶成型、模具制造,付费会员,经理/主管,是,否,1,1,1,0,询盘机会,否,,否,,低频尝鲜用户,新使用、询盘机会,本周使用1天，1次会话，提问1条，上传图纸0个,新用户引导，推动二次使用
2026-07-20 至 2026-07-26,2997689,句容鑫立智能科技有限公司,镇江,钣金,付费会员,经理/主管,是,否,1,1,1,0,询盘机会,否,,否,,低频尝鲜用户,新使用、询盘机会,本周使用1天，1次会话，提问1条，上传图纸0个,新用户引导，推动二次使用
2026-07-20 至 2026-07-26,1766976,常州方至精密机械制造有限公司,常州,机加工、装配、铸造,付费会员,经理/主管,是,否,1,1,1,0,询盘机会,否,,否,,低频尝鲜用户,新使用、询盘机会,本周使用1天，1次会话，提问1条，上传图纸0个,新用户引导，推动二次使用
2026-07-20 至 2026-07-26,1893476,常州欣昊铝板加工有限公司,常州,冲压、钣金,付费会员,经理/主管,是,否,1,1,1,0,询盘机会,否,,否,,低频尝鲜用户,新使用、询盘机会,本周使用1天，1次会话，提问1条，上传图纸0个,新用户引导，推动二次使用
2026-07-20 至 2026-07-26,2729559,余姚市巨益汽车配件有限公司、余姚市澳周金属制品有限公司,余姚市,冲压、钣金、铸造、模具制造,付费会员,经理/主管,是,否,1,1,1,0,询盘机会,否,,否,,低频尝鲜用户,新使用、询盘机会,本周使用1天，1次会话，提问1条，上传图纸0个,新用户引导，推动二次使用
2026-07-20 至 2026-07-26,2491845,苏州久卓精密部件有限公司,苏州,机加工,付费会员,经理/主管,是,否,1,1,1,0,询盘机会,否,,否,,低频尝鲜用户,新使用、询盘机会,本周使用1天，1次会话，提问1条，上传图纸0个,新用户引导，推动二次使用
2026-07-20 至 2026-07-26,2952105,马鞍山市大浪淘沙机械科技有限公司,南京,机加工、钣金,付费会员,经理/主管,否,否,1,1,1,0,询盘机会,否,,否,,低频尝鲜用户,询盘机会,本周使用1天，1次会话，提问1条，上传图纸0个,常规维护，持续观察
2026-07-20 至 2026-07-26,2647269,上海双敦实业有限公司,上海,冲压、模具制造,付费会员,工程/技术,是,否,1,1,1,0,询盘机会,否,,否,,低频尝鲜用户,新使用、询盘机会,本周使用1天，1次会话，提问1条，上传图纸0个,新用户引导，推动二次使用
2026-07-20 至 2026-07-26,3050897,广西来宾市春成科技有限公司,,其他,免费/非会员,未填写,是,否,1,1,1,0,询盘机会,否,,否,,低频尝鲜用户,新使用、询盘机会,本周使用1天，1次会话，提问1条，上传图纸0个,新用户引导，推动二次使用
2026-07-20 至 2026-07-26,2782859,上海震品五金制品有限公司,上海,机加工、冲压、钣金,付费会员,经理/主管,是,否,1,1,1,0,询盘机会,是,"本公司有CNC,数控车，等设备，希望询盘到在上海周边的客户，并能长期合作！",否,,低频尝鲜用户,新使用、询盘机会、有新需求,本周使用1天，1次会话，提问1条，上传图纸0个,记录需求并产品评估
2026-07-20 至 2026-07-26,2979706,任丘市基源机械配件有限公司,沧州市,机加工、钣金,付费会员,经理/主管,是,否,1,1,1,0,询盘机会,否,,否,,低频尝鲜用户,新使用、询盘机会,本周使用1天，1次会话，提问1条，上传图纸0个,新用户引导，推动二次使用
2026-07-20 至 2026-07-26,2431878,张家港市恒信塑业有限公司,张家港,塑胶成型,付费会员,销售/业务,是,否,1,1,1,0,询盘机会,否,,否,,低频尝鲜用户,新使用、询盘机会,本周使用1天，1次会话，提问1条，上传图纸0个,新用户引导，推动二次使用
2026-07-20 至 2026-07-26,3043251,泰州明宥精密五金制造有限公司,兴化市,机加工、紧固件&五金件、钣金,付费会员,高管/负责人,是,否,1,1,1,0,询盘机会,否,,否,,低频尝鲜用户,新使用、询盘机会,本周使用1天，1次会话，提问1条，上传图纸0个,新用户引导，推动二次使用
2026-07-20 至 2026-07-26,1931043,青岛日昇正晓机械有限公司,青岛市,机加工、其他,付费会员,经理/主管,是,否,1,1,1,0,询盘机会,否,,否,,低频尝鲜用户,新使用、询盘机会,本周使用1天，1次会话，提问1条，上传图纸0个,新用户引导，推动二次使用
2026-07-20 至 2026-07-26,1653398,宁波雅诺丹电气有限公司,浙江余姚市,钣金、塑胶成型、装配,付费会员,销售/业务,是,否,1,1,1,0,询盘机会,否,,否,,低频尝鲜用户,新使用、询盘机会,本周使用1天，1次会话，提问1条，上传图纸0个,新用户引导，推动二次使用
2026-07-20 至 2026-07-26,2793896,上海汉神机电股份有限公司,上海,钣金、机加工、塑胶成型,付费会员,销售/业务,是,否,1,1,1,0,询盘机会,否,,否,,低频尝鲜用户,新使用、询盘机会,本周使用1天，1次会话，提问1条，上传图纸0个,新用户引导，推动二次使用
2026-07-20 至 2026-07-26,2849646,江苏奈士科技有限公司,靖江市,铸造、机加工、模具制造、表面处理,付费会员,销售/业务,是,否,1,1,1,0,询盘机会,否,,否,,低频尝鲜用户,新使用、询盘机会,本周使用1天，1次会话，提问1条，上传图纸0个,新用户引导，推动二次使用
2026-07-20 至 2026-07-26,2365167,沧州皓旭五金制品有限公司,沧州市,冲压、钣金、机加工、锻造,付费会员,经理/主管,是,否,1,1,1,0,询盘机会,否,,否,,低频尝鲜用户,新使用、询盘机会,本周使用1天，1次会话，提问1条，上传图纸0个,新用户引导，推动二次使用
2026-07-20 至 2026-07-26,1339953,青岛浩利贸易有限公司,南京,钣金、塑胶成型,付费会员,经理/主管,是,否,1,1,1,0,询盘机会,否,,否,,低频尝鲜用户,新使用、询盘机会,本周使用1天，1次会话，提问1条，上传图纸0个,新用户引导，推动二次使用
2026-07-20 至 2026-07-26,2437089,东莞市志鑫成科技有限公司,东莞,机加工、铸造,付费会员,工程/技术,否,是,1,1,1,0,询盘机会,否,,否,,低频尝鲜用户,回流、询盘机会,本周使用1天，1次会话，提问1条，上传图纸0个,回流用户回访，确认使用场景
2026-07-20 至 2026-07-26,1703058,东莞市海统机电实业有限公司,广东东莞市,冲压、机加工,付费会员,销售/业务,是,否,1,1,1,0,询盘机会,否,,否,,低频尝鲜用户,新使用、询盘机会,本周使用1天，1次会话，提问1条，上传图纸0个,新用户引导，推动二次使用
2026-07-20 至 2026-07-26,3043461,上海双敦实业有限公司,,其他,免费/非会员,未填写,是,否,1,1,1,0,询盘机会,否,,否,,低频尝鲜用户,新使用、询盘机会,本周使用1天，1次会话，提问1条，上传图纸0个,新用户引导，推动二次使用
2026-07-20 至 2026-07-26,2993792,艾格曼（常州）精密机械科技有限公司,无锡,钣金、冲压,付费会员,经理/主管,否,否,1,1,1,0,贸易合规,否,,否,,低频尝鲜用户,贸易合规,本周使用1天，1次会话，提问1条，上传图纸0个,常规维护，持续观察
2026-07-20 至 2026-07-26,3046388,洛阳康择家具有限公司,洛阳市,其他,免费/非会员,未填写,是,否,1,1,1,0,询盘机会,否,,否,,低频尝鲜用户,新使用、询盘机会,本周使用1天，1次会话，提问1条，上传图纸0个,新用户引导，推动二次使用
2026-07-20 至 2026-07-26,1982091,晋升泰精密（深圳）有限公司,昆山,机加工、紧固件&五金件、其他、挤出,付费会员,经理/主管,是,否,1,1,1,0,询盘机会,否,,否,,低频尝鲜用户,新使用、询盘机会,本周使用1天，1次会话，提问1条，上传图纸0个,新用户引导，推动二次使用
2026-07-20 至 2026-07-26,2870927,永嘉县正宏金属制品有限公司,温州,机加工、铸造,付费会员,经理/主管,是,否,1,1,1,0,询盘机会,否,,否,,低频尝鲜用户,新使用、询盘机会,本周使用1天，1次会话，提问1条，上传图纸0个,新用户引导，推动二次使用
2026-07-20 至 2026-07-26,2925776,苏州凡太奇模具科技有限公司,苏州,机加工,付费会员,经理/主管,否,否,1,1,1,0,询盘机会,否,,否,,低频尝鲜用户,询盘机会,本周使用1天，1次会话，提问1条，上传图纸0个,常规维护，持续观察
2026-07-20 至 2026-07-26,2628690,温州市精彩汽车零部件有限公司,温州,塑胶成型、模具制造、表面处理,付费会员,经理/主管,是,否,1,1,1,0,询盘机会,否,,否,,低频尝鲜用户,新使用、询盘机会,本周使用1天，1次会话，提问1条，上传图纸0个,新用户引导，推动二次使用
2026-07-20 至 2026-07-26,3043967,苏州宏硕设备科技有限公司/上海达硕环保科技有限公司,苏州,机加工,付费会员,未填写,是,否,1,1,1,0,询盘机会,否,,否,,低频尝鲜用户,新使用、询盘机会,本周使用1天，1次会话，提问1条，上传图纸0个,新用户引导，推动二次使用
2026-07-20 至 2026-07-26,2371516,广东精时精模科技股份有限公司,东莞市,冲压、塑胶成型、装配、模具制造,付费会员,经理/主管,是,否,1,1,1,0,询盘机会,否,,否,,低频尝鲜用户,新使用、询盘机会,本周使用1天，1次会话，提问1条，上传图纸0个,新用户引导，推动二次使用
2026-07-20 至 2026-07-26,2450481,南通慧晶机械科技有限公司,如皋市,机加工,付费会员,经理/主管,是,否,1,1,1,0,询盘机会,否,,否,,低频尝鲜用户,新使用、询盘机会,本周使用1天，1次会话，提问1条，上传图纸0个,新用户引导，推动二次使用
2026-07-20 至 2026-07-26,1746972,昆山承弘金属制品有限公司,昆山,钣金、机加工,付费会员,销售/业务,是,否,1,1,1,0,询盘机会,否,,否,,低频尝鲜用户,新使用、询盘机会,本周使用1天，1次会话，提问1条，上传图纸0个,新用户引导，推动二次使用
2026-07-20 至 2026-07-26,2550061,中山市鑫合泰五金制品有限公司,中山市,冲压、紧固件&五金件,付费会员,高管/负责人,否,是,1,1,1,0,询盘机会,否,,否,,低频尝鲜用户,回流、询盘机会,本周使用1天，1次会话，提问1条，上传图纸0个,回流用户回访，确认使用场景
2026-07-20 至 2026-07-26,2965231,宁国市金泰金属制品有限公司,,铸造、冲压、模具制造,付费会员,销售/业务,否,否,1,1,1,0,贸易合规,否,,否,,低频尝鲜用户,贸易合规,本周使用1天，1次会话，提问1条，上传图纸0个,常规维护，持续观察
2026-07-20 至 2026-07-26,2878574,苏州辰硕源机械有限公司,苏州,机加工、钣金,付费会员,销售/业务,否,是,1,1,1,0,询盘机会,是,帮我推荐5家半导体行业有铝和不锈钢加工采购小件产品需求的客户,否,,低频尝鲜用户,回流、询盘机会、有新需求,本周使用1天，1次会话，提问1条，上传图纸0个,记录需求并产品评估
2026-07-20 至 2026-07-26,3022918,佛山市力硕精密制造有限公司,佛山市,其他、冲压、钣金,付费会员,高管/负责人,是,否,1,1,1,0,询盘机会,否,,否,,低频尝鲜用户,新使用、询盘机会,本周使用1天，1次会话，提问1条，上传图纸0个,新用户引导，推动二次使用
2026-07-20 至 2026-07-26,1859984,扬州阿克泰嘞起重科技有限公司,高邮市,钣金、机加工、铸造、冲压,付费会员,经理/主管,是,否,1,1,1,0,询盘机会,否,,否,,低频尝鲜用户,新使用、询盘机会,本周使用1天，1次会话，提问1条，上传图纸0个,新用户引导，推动二次使用
2026-07-20 至 2026-07-26,2995634,河北智海五金制品有限公司,沧州市,模具制造、钣金、冲压,付费会员,销售/业务,否,是,1,1,1,0,工程技术,否,,否,,低频尝鲜用户,回流、工程技术,本周使用1天，1次会话，提问1条，上传图纸0个,回流用户回访，确认使用场景
2026-07-20 至 2026-07-26,1748587,宁波飞羚电气有限公司,慈溪市,塑胶成型、机加工、模具制造,付费会员,经理/主管,是,否,1,1,1,0,询盘机会,否,,否,,低频尝鲜用户,新使用、询盘机会,本周使用1天，1次会话，提问1条，上传图纸0个,新用户引导，推动二次使用
2026-07-20 至 2026-07-26,3050865,衡阳云车间科技有限公司,衡阳市,其他、机加工,免费/非会员,未填写,是,否,1,1,1,0,询盘机会,否,,否,,低频尝鲜用户,新使用、询盘机会,本周使用1天，1次会话，提问1条，上传图纸0个,新用户引导，推动二次使用
2026-07-20 至 2026-07-26,2928906,苏州欧坤电器科技有限公司,苏州,塑胶成型、模具制造,付费会员,经理/主管,是,否,1,1,1,0,询盘机会,是,帮我推荐下苏州附近的塑料件的模具注塑采购需求,否,,低频尝鲜用户,新使用、询盘机会、有新需求,本周使用1天，1次会话，提问1条，上传图纸0个,记录需求并产品评估
2026-07-20 至 2026-07-26,1765329,乐清市恒成电子有限公司,温州,冲压,付费会员,经理/主管,否,否,1,1,1,0,询盘机会,否,,否,,低频尝鲜用户,询盘机会,本周使用1天，1次会话，提问1条，上传图纸0个,常规维护，持续观察
2026-07-20 至 2026-07-26,3050867,昆山庆宏欣精密模具有限公司,,其他,免费/非会员,未填写,是,否,1,1,1,0,询盘机会,否,,否,,低频尝鲜用户,新使用、询盘机会,本周使用1天，1次会话，提问1条，上传图纸0个,新用户引导，推动二次使用
2026-07-20 至 2026-07-26,2805790,苏州金加罗智能科技有限公司,苏州,塑胶成型,付费会员,经理/主管,是,否,1,1,1,0,询盘机会,否,,否,,低频尝鲜用户,新使用、询盘机会,本周使用1天，1次会话，提问1条，上传图纸0个,新用户引导，推动二次使用
2026-07-20 至 2026-07-26,2764936,瑞安市遵盛汽车零部件有限公司,温州,机加工、冲压、紧固件&五金件、锻造,付费会员,经理/主管,是,否,1,1,1,0,询盘机会,否,,否,,低频尝鲜用户,新使用、询盘机会,本周使用1天，1次会话，提问1条，上传图纸0个,新用户引导，推动二次使用